https://www.facebook.com/AboveClimateChange/;
https://www.facebook.com/AmericanThinker/;
https://www.facebook.com/anggos/;https://www.facebook.com/GetUpAustralia/;https://www.facebook.com/AsylumSeekerResourceCentreASRC/;https://www.facebook.com/LoveMakesAWayForAsylumSeekers/;https://www.facebook.com/tanya.plibersek/;https://www.facebook.com/burke.tony.mp/;https://www.facebook.com/JessHilljournalist/;https://www.facebook.com/senatorpennywong/;https://www.facebook.com/environmentaldefendersoffice/;https://www.facebook.com/MothersUnionAustralia/;https://www.facebook.com/FriendsOfTheAbc/;https://www.facebook.com/WomensElectoralLobbyAustralia/;https://www.facebook.com/TheAustralianIndependentMediaNetwork/;https://www.facebook.com/AustraliaForward/;https://www.facebook.com/larissawaters/;https://www.facebook.com/anglicanchurchsq/;https://www.facebook.com/doug.cameron.51/;https://www.facebook.com/StopTheTraffikAustralia/;https://www.facebook.com/DrsAgainstViolenceTowardWomen/
https://www.facebook.com/Armstrongecon/;
https://www.facebook.com/AustralianPoliticalReview/;https://www.facebook.com/DrPeterRidd/;https://www.facebook.com/aussiepatriotsroll/;https://www.facebook.com/MarkLathamsOutsiders/;https://www.facebook.com/thisblokeisaprick/;https://www.facebook.com/advanceaust/;https://www.facebook.com/ONENATIONGRASSROOTS/;https://www.facebook.com/sophieyorkaustralianconservatives/;https://www.facebook.com/sbsnews/;https://www.facebook.com/Heisesays/;https://www.facebook.com/SenatorStoker/;https://www.facebook.com/SenatorKeneally/;https://www.facebook.com/realsolarcycles/;https://www.facebook.com/Bill-Shorten-will-NEVER-be-Prime-Minister-435498999890078/;https://www.facebook.com/thedailychrenk/;https://www.facebook.com/JessWalshVic/;https://www.facebook.com/JacintaNPrice/;https://www.facebook.com/jacquilambienetwork/;https://www.facebook.com/AustraliansforProgressiveGovernment/
https://www.facebook.com/BigPicNews/;https://www.facebook.com/LordMonckton/;https://www.facebook.com/FoSClimateEd/;https://www.facebook.com/ClimateNews.ca/;https://www.facebook.com/wwpagws/;https://www.facebook.com/BreitbartLondon/;https://www.facebook.com/george.russell/;https://www.facebook.com/WindConcernsOntario/;https://www.facebook.com/grandsolarminimumuk/;https://www.facebook.com/FabiusMaximusWebsite/;https://www.facebook.com/noteviljustwrong/;https://www.facebook.com/nationalwindwatch/;https://www.facebook.com/HumanFlourishingProject/;https://www.facebook.com/MoltenNaCLreactor/;https://www.facebook.com/Exploit-the-Earth-or-Die-259643534381/;https://www.facebook.com/EllenBrownAuthor/;https://www.facebook.com/thesavvystreet/;https://www.facebook.com/cfactcanada/;https://www.facebook.com/ClimateDN/
https://www.facebook.com/BlackStump.com.au/;https://www.facebook.com/queenslandboulderopalassociation/;https://www.facebook.com/australia.pres5/;https://www.facebook.com/lawntips/;https://www.facebook.com/stampboards/;https://www.facebook.com/stormskatesaus/;https://www.facebook.com/photoreview.au/;https://www.facebook.com/TwoBlokesTalkingTech/;https://www.facebook.com/Skippys-Gems-152611124838/;https://www.facebook.com/mountrolandfolkfest/;https://www.facebook.com/ThePointTV/;https://www.facebook.com/OCHO-Guest-House-1011056842299890/;https://www.facebook.com/jacksminiature/;https://www.facebook.com/weareawakening/;https://www.facebook.com/Speed-Skating-Bunbury-Roller-Skating-Club-107015149369282/;https://www.facebook.com/czoriginalart/;https://www.facebook.com/hunterwildliferescuenatfinc/;https://www.facebook.com/Ask-Uncle-Jo-251061772120318/;https://www.facebook.com/teaminvestprivate/
https://www.facebook.com/BrideMagazines/;https://www.facebook.com/homesandgardens/;https://www.facebook.com/YOUMagSocial/;https://www.facebook.com/sundaytimesstyle/;https://www.facebook.com/wedluxe/;https://www.facebook.com/landscapemag/;https://www.facebook.com/guardiantvandradio/;https://www.facebook.com/GuardianFashion/;https://www.facebook.com/StyleAtHomeMag/;https://www.facebook.com/heritagehunteruk/;https://www.facebook.com/Greatmagazines/;https://www.facebook.com/rockmywedding/;https://www.facebook.com/modelrail/;https://www.facebook.com/OfficialJWMag/;https://www.facebook.com/dorsetmagazine/;https://www.facebook.com/BRIDES/;https://www.facebook.com/guardiancities/;https://www.facebook.com/TaBPuzzles/;https://www.facebook.com/SOIBgoib/
https://www.facebook.com/BulletinOfTheAtomicScientists/;https://www.facebook.com/BulletinDoomsdayClock/;https://www.facebook.com/armscontrol/;https://www.facebook.com/MintpressNewsMPN/;https://www.facebook.com/StateDepartment.ISNBureau/;https://www.facebook.com/therealnews/;https://www.facebook.com/smithsonianmagazine/;https://www.facebook.com/CDC/;https://www.facebook.com/fascientists/;https://www.facebook.com/NNSANews/;https://www.facebook.com/belfercenter/;https://www.facebook.com/unionofconcernedscientists/;https://www.facebook.com/CounterPunchOrg/;https://www.facebook.com/csisponi/;https://www.facebook.com/nti.org/;https://www.facebook.com/BeyondtheBomb/;https://www.facebook.com/TheLastAmericanVagabond/;https://www.facebook.com/EurekAlert/;https://www.facebook.com/Endtimes-Watchman-122454065100510/
https://www.facebook.com/CFACTCampus/;https://www.facebook.com/FreeSpeechAmericaProject/;https://www.facebook.com/alec.states/;https://www.facebook.com/AmericasFutureFoundation/;https://www.facebook.com/atlasnetwork/;https://www.facebook.com/yaliberty/;https://www.facebook.com/ConservativeNewsDly/;https://www.facebook.com/LeadershipInstitute/;https://www.facebook.com/LICampusAction/;https://www.facebook.com/CKinstitute/;https://www.facebook.com/march4ourrights/;https://www.facebook.com/climatehustle2/;https://www.facebook.com/issuesandinsights/;https://www.facebook.com/FreedomFoundationMN/;https://www.facebook.com/LordMonckton/;https://www.facebook.com/The-State-of-Our-Union-112350937168628/;https://www.facebook.com/IceCube/;https://www.facebook.com/the.sons.of.liberty.truthjusticeandtheamericanway/;https://www.facebook.com/speechfirstorg/
https://www.facebook.com/Climate-debate-response-team-382162442600207/;https://www.facebook.com/globalwarmingsolved/;https://www.facebook.com/AboveClimateChange/;https://www.facebook.com/AustralianClimateRealists/;https://www.facebook.com/DrPeterRidd/;https://www.facebook.com/RalphBAlexander/;https://www.facebook.com/The-Australian-ANTI-Greens-158418580891970/;https://www.facebook.com/FusionEnergyLeague/;https://www.facebook.com/theunshackled/;https://www.facebook.com/theSaltbushClub/;https://www.facebook.com/AustralianConservativeAssociation/;https://www.facebook.com/LittleHelenRazer/;https://www.facebook.com/Heisesays/;https://www.facebook.com/Anonykatz-III-451955138493628/;https://www.facebook.com/GREEN-New-DEAL-300355393946420/;https://www.facebook.com/perrispolitics/;https://www.facebook.com/LNPnicklinsec/;https://www.facebook.com/chesterfieldevans/;https://www.facebook.com/LeftIsBestOz/
https://www.facebook.com/ClimateHomeNews/;https://www.facebook.com/carbonbrief/;https://www.facebook.com/insideclimatenews/;https://www.facebook.com/ClimateChange.SDG.KnowledgeHub.IISD/;https://www.facebook.com/WWF/;https://www.facebook.com/UNCarbonMechs/;https://www.facebook.com/ClimateUNESCO/;https://www.facebook.com/Carbon-Tracker-389102984476793/;https://www.facebook.com/350.org/;https://www.facebook.com/CANInternational/;https://www.facebook.com/environmentguardian/;https://www.facebook.com/EnvDefenseFund/;https://www.facebook.com/citi/;https://www.facebook.com/UNEPROAP/;https://www.facebook.com/CDKNetwork/;https://www.facebook.com/ForeignPolicyInFocus/;https://www.facebook.com/ClimateOutreachCOIN/;https://www.facebook.com/DailyClimate/;https://www.facebook.com/nikewomen/
https://www.facebook.com/climatehustle2/;https://www.facebook.com/defenseoffreedom/;https://www.facebook.com/1776-Project-100603284945666/;https://www.facebook.com/LevinTV/;https://www.facebook.com/thecounterjihad/;https://www.facebook.com/RockItNewsNet/;https://www.facebook.com/proamericanews/;https://www.facebook.com/BlazeMedia/;https://www.facebook.com/AgainstTheTideMovie/;https://www.facebook.com/standunitedpetition/;https://www.facebook.com/capitalresearchcenter/;https://www.facebook.com/conservativealliancepage/;https://www.facebook.com/CFACTCampus/;https://www.facebook.com/WJMediaWatch/;https://www.facebook.com/ObamasAmerica/;https://www.facebook.com/thefederalistmovement/;https://www.facebook.com/HuntersOfAmerica/;https://www.facebook.com/DSouzaDinesh/;https://www.facebook.com/AmerigeddonMovie/
https://www.facebook.com/ClimateNews.ca/;https://www.facebook.com/FoSClimateEd/;https://www.facebook.com/ArcticMethaneEmergencyGroup/;https://www.facebook.com/LordMonckton/;https://www.facebook.com/HoaxMuseum/;https://www.facebook.com/BigPicNews/;https://www.facebook.com/makeuseof/;https://www.facebook.com/worldnaa/;https://www.facebook.com/OntarioNuclear/;https://www.facebook.com/Steven-Haywood-Yaskell-407976212610290/;https://www.facebook.com/ClimateDN/;https://www.facebook.com/AboveClimateChange/;https://www.facebook.com/MethaneNewsGroup/;https://www.facebook.com/Lies-The-Truth-740874712980769/;https://www.facebook.com/goldenricenow/;https://www.facebook.com/ZebraFactCheck/;https://www.facebook.com/OpenCollegePodcast/;https://www.facebook.com/RocketSTEM/
https://www.facebook.com/CourageousConservativesPAC/;https://www.facebook.com/tedcruzpage/;https://www.facebook.com/LevinTV/;https://www.facebook.com/PeopleForBernie/;https://www.facebook.com/brentbozell/;https://www.facebook.com/conservativeledger/;https://www.facebook.com/conservativealliancepage/;https://www.facebook.com/conservativepoliticstoday/;https://www.facebook.com/TheGuardiansOfDemocracy/;https://www.facebook.com/TULSATRUMPPENCE2020/;https://www.facebook.com/repjimjordan/;https://www.facebook.com/TheLiberalVoiceOfReason/;https://www.facebook.com/Conservative-Republican-Women-234428156573988/;https://www.facebook.com/TeaPartyStandUp/;https://www.facebook.com/RealTexasCurtis/;https://www.facebook.com/cruztothewhitehouse2016/;https://www.facebook.com/blackconservativecaucus/;https://www.facebook.com/ConservativeWomenUSA/;https://www.facebook.com/StumpforTrump2020/
https://www.facebook.com/DavidAustinFrench/;https://www.facebook.com/The_Dispatch-105561217523274/;https://www.facebook.com/JonahJGoldberg/;https://www.facebook.com/NancyAndersonFrench/;https://www.facebook.com/againsttrumpismandextremism/;https://www.facebook.com/ekoocwcselrahc/;https://www.facebook.com/mrctv/;https://www.facebook.com/humaneventsmedia/;https://www.facebook.com/episcopalian/;https://www.facebook.com/nationalreview/;https://www.facebook.com/eric.metaxas/;https://www.facebook.com/christiannews.net/;https://www.facebook.com/secureamericanow/;https://www.facebook.com/DrThomasSowell/;https://www.facebook.com/therickwilson/;https://www.facebook.com/rebirthoffreedom.org/;https://www.facebook.com/Newsiosity/;https://www.facebook.com/TheBulwark/;https://www.facebook.com/RealBrigitteGabriel/
https://www.facebook.com/DeSmogBlog/;https://www.facebook.com/SkepticalScience/;https://www.facebook.com/insideclimatenews/;https://www.facebook.com/earthworksaction/;https://www.facebook.com/CenterforBioDiv/;https://www.facebook.com/climatepower2020/;https://www.facebook.com/EcoWatch/;https://www.facebook.com/DeSmogUK/;https://www.facebook.com/iHeartClimateScientists/;https://www.facebook.com/thenarwhalca/;https://www.facebook.com/yearsclimatefacts/;https://www.facebook.com/350.org/;https://www.facebook.com/YearsOfLiving/;https://www.facebook.com/CitizensClimateLobby/;https://www.facebook.com/CounterPunchOrg/;https://www.facebook.com/crankyuncles/;https://www.facebook.com/rahmstorf/;https://www.facebook.com/ClimateHomeNews/;https://www.facebook.com/theclimatedesk/
https://www.facebook.com/EconomicUpdate/;https://www.facebook.com/RichardDWolff/;https://www.facebook.com/OnContactRT/;https://www.facebook.com/AmyGoodman.DemocracyNow/;https://www.facebook.com/democracynow/;https://www.facebook.com/Noam-Chomsky-294468630182/;https://www.facebook.com/TheEmpireFiles/;https://www.facebook.com/Truthdig/;https://www.facebook.com/theleftforum/;https://www.facebook.com/jacobinmag/;https://www.facebook.com/wagingnonviolence/;https://www.facebook.com/CounterPunchOrg/;https://www.facebook.com/drcornelwest/;https://www.facebook.com/usworker/;https://www.facebook.com/WikiLeaksNews.co/;https://www.facebook.com/BlackSocialists/;https://www.facebook.com/AjamuBarakaVP/;https://www.facebook.com/ralphnader/;https://www.facebook.com/InstituteForAnarchistStudies/
https://www.facebook.com/Energy.Citizens/;https://www.facebook.com/theconservative.news/;https://www.facebook.com/AmericanEnergyAlliance/;https://www.facebook.com/NRCC/;https://www.facebook.com/PowerTheFuture/;https://www.facebook.com/NCOAging/;https://www.facebook.com/TexansforNaturalGas/;https://www.facebook.com/fwdus/;https://www.facebook.com/eesionline/;https://www.facebook.com/TheAmericanPetroleumInstitute/;https://www.facebook.com/fightback/;https://www.facebook.com/the.conservative2/;https://www.facebook.com/hotaircom/;https://www.facebook.com/RandPaul/;https://www.facebook.com/DonaldTrump/;https://www.facebook.com/unionplus/;https://www.facebook.com/cnsnewscom/;https://www.facebook.com/IMConservative/;https://www.facebook.com/PowerPastImpossible/
https://www.facebook.com/extremweatherworldd/;
https://www.facebook.com/flatearthnewsreports/;
https://www.facebook.com/FluorideActionNetwork/;https://www.facebook.com/nongmoproject/;https://www.facebook.com/millionsagainst/;https://www.facebook.com/justlabelit/;https://www.facebook.com/GMOTruth/;https://www.facebook.com/responsibletechnology/;https://www.facebook.com/stopforcedfluoridation/;https://www.facebook.com/GMOFreeUSA/;https://www.facebook.com/organicconsumers/;https://www.facebook.com/MercuryFreeDentistry/;https://www.facebook.com/NYSFluoridation/;https://www.facebook.com/MomsAgainstFluoridation/;https://www.facebook.com/SustainablePulse/;https://www.facebook.com/FluorideFreeNewZealand/;https://www.facebook.com/returntonow.net/;https://www.facebook.com/TheOrganicPrepper/;https://www.facebook.com/doctor.health/;https://www.facebook.com/foodrenegade/;https://www.facebook.com/fanaustralia/
https://www.facebook.com/FoSClimateEd/;https://www.facebook.com/RealClearScience/;https://www.facebook.com/therebeltv/;https://www.facebook.com/actuallyscience/;https://www.facebook.com/scitechdaily/;https://www.facebook.com/OilSandsAction/;https://www.facebook.com/Dr-Jordan-B-Peterson-337412923333272/;https://www.facebook.com/QuilletteM/;https://www.facebook.com/TaxpayerDOTcom/;https://www.facebook.com/brianlilley/;https://www.facebook.com/americanspectator/;https://www.facebook.com/TheNewAmerican/;https://www.facebook.com/ChristinaHoffSommersAEI/;https://www.facebook.com/humaneventsmedia/;https://www.facebook.com/ABBlueSkies/;https://www.facebook.com/debunkinc/;https://www.facebook.com/MercatorNet/;https://www.facebook.com/YaleProgramOnClimateChangeCommunication/;https://www.facebook.com/ScienceSprings/
https://www.facebook.com/GOPUSA/;https://www.facebook.com/BobbyEberle13/;https://www.facebook.com/conservativepoliticstoday/;https://www.facebook.com/mrctv/;https://www.facebook.com/conservativeledger/;https://www.facebook.com/Federalist.Society/;https://www.facebook.com/secureamericanow/;https://www.facebook.com/FreeBeacon/;https://www.facebook.com/JudicialWatch/;https://www.facebook.com/theACLJ/;https://www.facebook.com/USNewsbyWJ/;https://www.facebook.com/TeamTwitchy/;https://www.facebook.com/GOPconvention/;https://www.facebook.com/ThePoliticalInsider/;https://www.facebook.com/WesternJournal/;https://www.facebook.com/RightSideNewsUS/;https://www.facebook.com/politics246/;https://www.facebook.com/StumpforTrump2020/;https://www.facebook.com/Newsiosity/
https://www.facebook.com/GreenNewDeal/;https://www.facebook.com/IlhanMN/;https://www.facebook.com/OcasioCortez/;https://www.facebook.com/repAOC/;https://www.facebook.com/gretathunbergsweden/;https://www.facebook.com/RepIlhan/;https://www.facebook.com/RepRashida/;https://www.facebook.com/AOC-2020-801516123522849/;https://www.facebook.com/GetMedicareForAll/;https://www.facebook.com/LeonardoDiCaprio/;https://www.facebook.com/RBReich/;https://www.facebook.com/Noam-Chomsky-294468630182/;https://www.facebook.com/justicedemocrats/;https://www.facebook.com/USdems/;https://www.facebook.com/joebiden2020northwestmichigan/;https://www.facebook.com/LowerDrugPricesNow/;https://www.facebook.com/RoKhannaUSA/;https://www.facebook.com/sunrisemvmt/;https://www.facebook.com/MillennialMajorityNow/
https://www.facebook.com/GunCultureWorld/;https://www.facebook.com/NRA/;https://www.facebook.com/Ill-go-ahead-and-keep-my-guns-Thanks-791543660926838/;https://www.facebook.com/AmericaHeckYeah/;https://www.facebook.com/DailyWire/;https://www.facebook.com/TomiLahren/;https://www.facebook.com/aviationwings1/;https://www.facebook.com/whartonexeced/;https://www.facebook.com/GoldenEaglesZillertal/;https://www.facebook.com/Society4ConBio/;https://www.facebook.com/mitadtuniversity/;https://www.facebook.com/CrewOperations/;https://www.facebook.com/ryan.cleckner/;https://www.facebook.com/Hefeicity/;https://www.facebook.com/TheCEBUPage/;https://www.facebook.com/SavingOceans.Org/;https://www.facebook.com/hamburgeriet/;https://www.facebook.com/RELeeCamp1640/;https://www.facebook.com/SouthernFriedScience/
https://www.facebook.com/hangthebankers/;
https://www.facebook.com/hatingbreitbart/;https://www.facebook.com/deneen.borelli/;https://www.facebook.com/Restoring-America-with-Sarah-Palin-247837268595327/;https://www.facebook.com/theconservative.news/;https://www.facebook.com/ConservativeAngle/;https://www.facebook.com/reaganmovie/;https://www.facebook.com/NRCC/;https://www.facebook.com/IMConservative/;https://www.facebook.com/danielluskoimagination/;https://www.facebook.com/MovietoMovement/;https://www.facebook.com/Guns-Gun-Control-and-the-Second-Amendment-317896768330234/;https://www.facebook.com/AmerigeddonMovie/;https://www.facebook.com/DefendLiberty1776/;https://www.facebook.com/Breitbart/;https://www.facebook.com/NoSafeSpacesMovie/;https://www.facebook.com/gungrabbers/;https://www.facebook.com/ProjectVeritas/;https://www.facebook.com/specialoperationsspeaks/;https://www.facebook.com/IAmAConservativeWoman/
https://www.facebook.com/HeartlandInstitute/;https://www.facebook.com/aei/;https://www.facebook.com/Federalist.Society/;https://www.facebook.com/michelebachmann/;https://www.facebook.com/StoppingSocialism/;https://www.facebook.com/fightback/;https://www.facebook.com/ifpri.org/;https://www.facebook.com/independentinstitute/;https://www.facebook.com/middleeastinstitute/;https://www.facebook.com/AmericanEnergyAlliance/;https://www.facebook.com/marklevinshow/;https://www.facebook.com/AmericanMajority/;https://www.facebook.com/CityJournal/;https://www.facebook.com/commentarymagazine/;https://www.facebook.com/ManhattanInst/;https://www.facebook.com/publici/;https://www.facebook.com/CitizensUnitedDC/;https://www.facebook.com/iwpresearch/;https://www.facebook.com/claremontinstitute/
https://www.facebook.com/HeartlandInstitute/;https://www.facebook.com/aei/;https://www.facebook.com/Federalist.Society/;https://www.facebook.com/michelebachmann/;https://www.facebook.com/StoppingSocialism/;https://www.facebook.com/fightback/;https://www.facebook.com/independentinstitute/;https://www.facebook.com/middleeastinstitute/;https://www.facebook.com/ifpri.org/;https://www.facebook.com/marklevinshow/;https://www.facebook.com/AmericanEnergyAlliance/;https://www.facebook.com/AmericanMajority/;https://www.facebook.com/CityJournal/;https://www.facebook.com/commentarymagazine/;https://www.facebook.com/ManhattanInst/;https://www.facebook.com/publici/;https://www.facebook.com/CitizensUnitedDC/;https://www.facebook.com/iwpresearch/;https://www.facebook.com/claremontinstitute/
https://www.facebook.com/HooverInstStanford/;https://www.facebook.com/JudicialWatch/;https://www.facebook.com/UncKnowledge/;https://www.facebook.com/heritagefoundation/;https://www.facebook.com/aei/;https://www.facebook.com/DrThomasSowell/;https://www.facebook.com/theusawire/;https://www.facebook.com/fdrlst/;https://www.facebook.com/LessonsFromMilitaryHistory/;https://www.facebook.com/Conservative-Twins-103242164797988/;https://www.facebook.com/mises.institute/;https://www.facebook.com/ConservativeNewsDly/;https://www.facebook.com/ThomasSowellSociety/;https://www.facebook.com/Federalist.Society/;https://www.facebook.com/ManhattanInst/;https://www.facebook.com/DonaldTrump/;https://www.facebook.com/CityJournal/;https://www.facebook.com/claremontinstitute/;https://www.facebook.com/realrudygiuliani/
https://www.facebook.com/humaneventsmedia/;https://www.facebook.com/Reason.Magazine/;https://www.facebook.com/michelebachmann/;https://www.facebook.com/mrctv/;https://www.facebook.com/heritagefoundation/;https://www.facebook.com/RedStateBlog/;https://www.facebook.com/CityJournal/;https://www.facebook.com/JamesOKeefeAuthor/;https://www.facebook.com/hotaircom/;https://www.facebook.com/DavidAustinFrench/;https://www.facebook.com/ForAmerica/;https://www.facebook.com/TeamTwitchy/;https://www.facebook.com/TheDailySignalNews/;https://www.facebook.com/TheStream.org/;https://www.facebook.com/americanspectator/;https://www.facebook.com/mediaresearchcenter/;https://www.facebook.com/HumanProgress.org/;https://www.facebook.com/fdrlst/;https://www.facebook.com/newsbusters/
https://www.facebook.com/HumanProgress.org/;https://www.facebook.com/OurWorldinData/;https://www.facebook.com/FreeToChooseNetwork/;https://www.facebook.com/aierdotorg/;https://www.facebook.com/Stevenpinkerpage/;https://www.facebook.com/drjordanpeterson/;https://www.facebook.com/Libertarianism.org/;https://www.facebook.com/CatoCMFA/;https://www.facebook.com/heterodoxacademy/;https://www.facebook.com/Reason.Magazine/;https://www.facebook.com/BBCScienceNews/;https://www.facebook.com/mises.institute/;https://www.facebook.com/jonathanhaidt/;https://www.facebook.com/daverubin/;https://www.facebook.com/BloombergAsia/;https://www.facebook.com/QuilletteM/;https://www.facebook.com/CatoTrade/;https://www.facebook.com/physorg/;https://www.facebook.com/petersonphilosophy/
https://www.facebook.com/iHeartClimateScientists/;https://www.facebook.com/insideclimatenews/;https://www.facebook.com/climatepower2020/;https://www.facebook.com/SkepticalScience/;https://www.facebook.com/350.org/;https://www.facebook.com/OilChangeUS/;https://www.facebook.com/unionofconcernedscientists/;https://www.facebook.com/katharine.hayhoe/;https://www.facebook.com/DailyClimate/;https://www.facebook.com/TarSandsBlockade/;https://www.facebook.com/evolution.ncse/;https://www.facebook.com/CounterPunchOrg/;https://www.facebook.com/jimehansen/;https://www.facebook.com/environmentalcoffeehouse/;https://www.facebook.com/MichaelMannScientist/;https://www.facebook.com/FAIRmediawatch/;https://www.facebook.com/nexusmedianews/;https://www.facebook.com/mediabiasfactcheck/;https://www.facebook.com/NewsCorpse/
https://www.facebook.com/IMConservative/;
https://www.facebook.com/inconvenientfacts.xyz/;https://www.facebook.com/FoSClimateEd/;https://www.facebook.com/thunderboltsproject/;https://www.facebook.com/LordMonckton/;https://www.facebook.com/AboveClimateChange/;https://www.facebook.com/RealityCheckWithBenSwann/;https://www.facebook.com/TheNewAmerican/;https://www.facebook.com/FromTheCompanyOfShadows/;https://www.facebook.com/theskepticsguide/;https://www.facebook.com/BatsCatsandHats/;https://www.facebook.com/RalphBAlexander/;https://www.facebook.com/FabiusMaximusWebsite/;https://www.facebook.com/redpilluniversity/;https://www.facebook.com/jmiltimore/;https://www.facebook.com/spartareport/;https://www.facebook.com/mrctv/;https://www.facebook.com/Pennsylvania-Coalition-for-Responsible-Government-136241923085699/;https://www.facebook.com/thisiscommonsense/;https://www.facebook.com/Crticus/
https://www.facebook.com/inconvenientfacts.xyz/;https://www.facebook.com/FoSClimateEd/;https://www.facebook.com/thunderboltsproject/;https://www.facebook.com/LordMonckton/;https://www.facebook.com/AboveClimateChange/;https://www.facebook.com/RealityCheckWithBenSwann/;https://www.facebook.com/TheNewAmerican/;https://www.facebook.com/FromTheCompanyOfShadows/;https://www.facebook.com/theskepticsguide/;https://www.facebook.com/BatsCatsandHats/;https://www.facebook.com/RalphBAlexander/;https://www.facebook.com/FabiusMaximusWebsite/;https://www.facebook.com/redpilluniversity/;https://www.facebook.com/mrctv/;https://www.facebook.com/jmiltimore/;https://www.facebook.com/spartareport/;https://www.facebook.com/Pennsylvania-Coalition-for-Responsible-Government-136241923085699/;https://www.facebook.com/thisiscommonsense/;https://www.facebook.com/Crticus/
https://www.facebook.com/industrialprogress/;https://www.facebook.com/AynRandOrg/;https://www.facebook.com/thepursuitofenergy/;https://www.facebook.com/DontLetItGoUnheard/;https://www.facebook.com/AynRandInstitute/;https://www.facebook.com/HumanFlourishingProject/;https://www.facebook.com/ybrook/;https://www.facebook.com/kirapeikoff/;https://www.facebook.com/ellen.kenner/;https://www.facebook.com/StopBlamingCapitalism/;https://www.facebook.com/iamelanjourno/;https://www.facebook.com/mothersfornuclear/;https://www.facebook.com/redpilluniversity/;https://www.facebook.com/Cordair/;https://www.facebook.com/AnthemBook/;https://www.facebook.com/radiationeffects.org/;https://www.facebook.com/maryjruwart/;https://www.facebook.com/PowerHourWithAlexEpstein/;https://www.facebook.com/CFIndividualism/
https://www.facebook.com/IPCC/;https://www.facebook.com/WorldMeteorologicalOrganization/;https://www.facebook.com/unep/;https://www.facebook.com/CANInternational/;https://www.facebook.com/SustDev/;https://www.facebook.com/IPCCScholarship/;https://www.facebook.com/OurWorldinData/;https://www.facebook.com/UnitedNationsWater/;https://www.facebook.com/UNCarbonMechs/;https://www.facebook.com/IPBES/;https://www.facebook.com/carbonbrief/;https://www.facebook.com/callforclimate/;https://www.facebook.com/NOAAClimateGov/;https://www.facebook.com/UNDP/;https://www.facebook.com/UNBiodiversityConvention/;https://www.facebook.com/cnnweather/;https://www.facebook.com/NOAA/;https://www.facebook.com/C40Cities/;https://www.facebook.com/350.org/
https://www.facebook.com/isthereglobalcooling/;https://www.facebook.com/thegrandsolarmini/;https://www.facebook.com/Miniiceage/;https://www.facebook.com/globalwarmingsolved/;https://www.facebook.com/oppenheimerranch/;https://www.facebook.com/FoSClimateEd/;https://www.facebook.com/ClimateFeedback/;https://www.facebook.com/americanspectator/;https://www.facebook.com/TheNewAmerican/;https://www.facebook.com/ClimateDN/;https://www.facebook.com/PDFsSavingTrees/;https://www.facebook.com/4thGenerationBlog/;https://www.facebook.com/thebigwobble/;https://www.facebook.com/FrankGaffney4/;https://www.facebook.com/ClimateChangeNetworkUS/;https://www.facebook.com/lindseywilliamsonline/;https://www.facebook.com/AboveClimateChange/;https://www.facebook.com/ScienceFeedback/;https://www.facebook.com/thedailybellnews/
https://www.facebook.com/JenniferMarohasyOfficialPage/;https://www.facebook.com/DrPeterRidd/;https://www.facebook.com/inigo360/;https://www.facebook.com/theSaltbushClub/;https://www.facebook.com/BigPicNews/;https://www.facebook.com/Australian-Debt-Clockcomau-247563895265939/;https://www.facebook.com/realsolarcycles/;https://www.facebook.com/colbeckrichard/;https://www.facebook.com/AdamBandtMP/;https://www.facebook.com/AustralianPoliticalReview/;https://www.facebook.com/TimWilsonMP/;https://www.facebook.com/Inst.ofPublicAffairs/;https://www.facebook.com/pickeringpost/;https://www.facebook.com/adamseconomics/;https://www.facebook.com/supercars/;https://www.facebook.com/PaulineHansonAu/;https://www.facebook.com/mannwestWA/;https://www.facebook.com/SenatorCFW/;https://www.facebook.com/betootaadvocate/
https://www.facebook.com/justrealfacts/;https://www.facebook.com/USInterior/;https://www.facebook.com/heritagefoundation/;https://www.facebook.com/JudicialWatch/;https://www.facebook.com/HooverInstStanford/;https://www.facebook.com/UnbiasedAmerica/;https://www.facebook.com/TheBabylonBee/;https://www.facebook.com/imprimis/;https://www.facebook.com/AnswersInGenesis/;https://www.facebook.com/AmericanThinker/;https://www.facebook.com/memepoliceman/;https://www.facebook.com/DeJustFacts/;https://www.facebook.com/AstronomyMagazine/;https://www.facebook.com/WeAreCapitalists/;https://www.facebook.com/AllianceDefendingFreedom/;https://www.facebook.com/futureoffreedom/;https://www.facebook.com/freethepeople/;https://www.facebook.com/ClubforGrowth/;https://www.facebook.com/yaliberty/
https://www.facebook.com/LordMonckton/;https://www.facebook.com/europeanteaparty/;https://www.facebook.com/globalwarmingsolved/;https://www.facebook.com/END-the-FED-149818338853/;https://www.facebook.com/InfoWarriorWithJasonBermas/;https://www.facebook.com/AustralianNationalReview/;https://www.facebook.com/RK-Hendrick-201476179871471/;https://www.facebook.com/TruthandShadows/;https://www.facebook.com/noteviljustwrong/;https://www.facebook.com/BigPicNews/;https://www.facebook.com/fans.adamdodson.org/;https://www.facebook.com/Halt-Copenhagen-until-CLIMATE-GATE-has-been-fully-INVESTIGATED-336459475181/;https://www.facebook.com/CFACTCampus/;https://www.facebook.com/redpilluniversity/;https://www.facebook.com/CharlieWNash/;https://www.facebook.com/LeeHarveyOswaldWasInnocent/;https://www.facebook.com/DeprogrammedPodcast/;https://www.facebook.com/AboveClimateChange/;https://www.facebook.com/O-ba-MAGA8-104756594574943/
https://www.facebook.com/markbloodylatham/;https://www.facebook.com/PetaCredlin/;https://www.facebook.com/RitaPanahiColumnist/;https://www.facebook.com/theboltreport/;https://www.facebook.com/MarkLathamsOutsiders/;https://www.facebook.com/PaulMurrayLIVE/;https://www.facebook.com/thisblokeisaprick/;https://www.facebook.com/SenatorJimMolan/;https://www.facebook.com/TonyAbbottfanpage357magcurespedos/;https://www.facebook.com/JacintaNampijinpaPrice/;https://www.facebook.com/hastieandrew/;https://www.facebook.com/skynews/;https://www.facebook.com/Andrew-Bolt-Supporters-Page-191407230906121/;https://www.facebook.com/chrisjamesfordunkley/;https://www.facebook.com/theunshackled/;https://www.facebook.com/JacintaNPrice/;https://www.facebook.com/Aussies-against-political-corruption-and-lies-187641714610377/;https://www.facebook.com/BernardGaynorBlog/;https://www.facebook.com/AustralianPoliticalReview/
https://www.facebook.com/marklevinshow/;
https://www.facebook.com/MattKibbe/;https://www.facebook.com/RandPaul/;https://www.facebook.com/FreedomWorks/;https://www.facebook.com/freethepeople/;https://www.facebook.com/POTUS/;https://www.facebook.com/NRCC/;https://www.facebook.com/nrsc/;https://www.facebook.com/StoppingSocialism/;https://www.facebook.com/KibbeBlazeTV/;https://www.facebook.com/FreeSpeechAmericaProject/;https://www.facebook.com/theconservative.news/;https://www.facebook.com/tuckercarlsonFOX/;https://www.facebook.com/ForAmerica/;https://www.facebook.com/ConservativeNewsToday/;https://www.facebook.com/IMConservative/;https://www.facebook.com/DonaldTrump/;https://www.facebook.com/RealCliffMaloney/;https://www.facebook.com/numbersusa/;https://www.facebook.com/RushLimbaugh/
https://www.facebook.com/menzieshouse/;https://www.facebook.com/AusTaxpayers/;https://www.facebook.com/LibertyOnTheRocksAustralia/;https://www.facebook.com/ozlibertarians/;https://www.facebook.com/MyChoiceAustralia/;https://www.facebook.com/EmilioGarciaOz/;https://www.facebook.com/RightToLifeAustralia/;https://www.facebook.com/wayoungliberals/;https://www.facebook.com/LibertyAustralia/;https://www.facebook.com/libstudents/;https://www.facebook.com/islandoffthecoast/;https://www.facebook.com/Inst.ofPublicAffairs/;https://www.facebook.com/DrSharmanStone/;https://www.facebook.com/wonderfulpetfood/;https://www.facebook.com/piratepartyau/;https://www.facebook.com/john.humphreys.australia/;https://www.facebook.com/KeepSocialDemocracyInAustralia/;https://www.facebook.com/LibertyFest.org.au/;https://www.facebook.com/CaptainGetUp/
https://www.facebook.com/MercatorNet/;https://www.facebook.com/opusdei.eng/;https://www.facebook.com/FirstThings/;https://www.facebook.com/PublicDiscourse/;https://www.facebook.com/BioEdge-295134659033/;https://www.facebook.com/stjosemariainst/;https://www.facebook.com/StJosemariaEscriva/;https://www.facebook.com/CrisisMagazine/;https://www.facebook.com/thesacredscience/;https://www.facebook.com/Dr.ScottHahn/;https://www.facebook.com/CatholicGag/;https://www.facebook.com/Saxum.Foundation/;https://www.facebook.com/centrepoint.charity/;https://www.facebook.com/QuilletteM/;https://www.facebook.com/humaneventsmedia/;https://www.facebook.com/Reason.Magazine/;https://www.facebook.com/BishopRichardUmbers/;https://www.facebook.com/alvarodelportillodaily/;https://www.facebook.com/americanspectator/
https://www.facebook.com/MercatorNet/;https://www.facebook.com/opusdei.eng/;https://www.facebook.com/PublicDiscourse/;https://www.facebook.com/FirstThings/;https://www.facebook.com/BioEdge-295134659033/;https://www.facebook.com/stjosemariainst/;https://www.facebook.com/StJosemariaEscriva/;https://www.facebook.com/CrisisMagazine/;https://www.facebook.com/thesacredscience/;https://www.facebook.com/Dr.ScottHahn/;https://www.facebook.com/CatholicGag/;https://www.facebook.com/Saxum.Foundation/;https://www.facebook.com/centrepoint.charity/;https://www.facebook.com/QuilletteM/;https://www.facebook.com/humaneventsmedia/;https://www.facebook.com/Reason.Magazine/;https://www.facebook.com/BishopRichardUmbers/;https://www.facebook.com/americanspectator/;https://www.facebook.com/saintjosemaria/
https://www.facebook.com/Michael-Roberts-blog-925340197491022/;https://www.facebook.com/monthly.review.magazine/;https://www.facebook.com/RethinkingMarxism/;https://www.facebook.com/salvagemagazine/;https://www.facebook.com/viewpointmag/;https://www.facebook.com/VersoBks/;https://www.facebook.com/ProgIntl/;https://www.facebook.com/richardseymourwtf/;https://www.facebook.com/revolutionarysocialism/;https://www.facebook.com/WriteJulian/;https://www.facebook.com/jacobinmag/;https://www.facebook.com/cosmonautmagazine/;https://www.facebook.com/journalspectre/;https://www.facebook.com/newpoliticsmag/;https://www.facebook.com/derry.anarchists/;https://www.facebook.com/wrongkindofgreen/;https://www.facebook.com/GlobalEcoSocialistNetwork/;https://www.facebook.com/stevekeen101/;https://www.facebook.com/communemag/
https://www.facebook.com/MichaelSmithNews/;https://www.facebook.com/RitaPanahiColumnist/;https://www.facebook.com/pickeringpost/;https://www.facebook.com/PetaCredlin/;https://www.facebook.com/PaulMurrayLIVE/;https://www.facebook.com/MarkLathamsOutsiders/;https://www.facebook.com/theboltreport/;https://www.facebook.com/Andrew-Bolt-Supporters-Page-191407230906121/;https://www.facebook.com/The-Pickering-Post-385774778154872/;https://www.facebook.com/BernardGaynorBlog/;https://www.facebook.com/KirralieSmithNSW/;https://www.facebook.com/DonaldTrump/;https://www.facebook.com/SkyNewsAustralia/;https://www.facebook.com/AustralianNationalReview/;https://www.facebook.com/SenatorKeneally/;https://www.facebook.com/KeatingBigPicture/;https://www.facebook.com/PaulineHansonAu/;https://www.facebook.com/wesupportpeterduttonMP/;https://www.facebook.com/advanceaust/
https://www.facebook.com/mothersfornuclear/;https://www.facebook.com/environmentalprogress/;https://www.facebook.com/TerrestrialMSR/;https://www.facebook.com/DCNPP/;https://www.facebook.com/timetogonuclear/;https://www.facebook.com/energyforhumanity/;https://www.facebook.com/NuclearEnergyInstitute/;https://www.facebook.com/nuclearscienceweek/;https://www.facebook.com/generationatomic/;https://www.facebook.com/R2ANM/;https://www.facebook.com/BreakthroughInstitute/;https://www.facebook.com/MoltenNaCLreactor/;https://www.facebook.com/GAINnuclear/;https://www.facebook.com/USWomeninNuclear/;https://www.facebook.com/NuclearEnergyGov/;https://www.facebook.com/ThePragEnvi/;https://www.facebook.com/BeyondNuclear/;https://www.facebook.com/mfnIllinois/;https://www.facebook.com/nuclearpridecoalition/
https://www.facebook.com/noteviljustwrong/;https://www.facebook.com/phelim.mcaleer/;https://www.facebook.com/annmcelhinney/;https://www.facebook.com/FrackNation/;https://www.facebook.com/yourRights/;https://www.facebook.com/LordMonckton/;https://www.facebook.com/Agenda.Documentary/;https://www.facebook.com/CanYouHearUsNow/;https://www.facebook.com/MajesticNJ/;https://www.facebook.com/TCUnation/;https://www.facebook.com/Liberty-For-All-60618884612/;https://www.facebook.com/StaceysStove/;https://www.facebook.com/YOUR-religion-is-ruining-OUR-planet-129075747106146/;https://www.facebook.com/orbhorse/;https://www.facebook.com/Liberty-Findercom-249767360392/;https://www.facebook.com/ExposeTheTPP.USAendNAFTA/;https://www.facebook.com/saynotohillaryclinton/;https://www.facebook.com/stand4gop/;https://www.facebook.com/rightnetwork/
https://www.facebook.com/NYPost/;https://www.facebook.com/usatoday/;https://www.facebook.com/NYDailyNews/;https://www.facebook.com/washingtonpost/;https://www.facebook.com/BreakingNews/;https://www.facebook.com/CBSNews/;https://www.facebook.com/DailyMail/;https://www.facebook.com/ABCNews/;https://www.facebook.com/cnnpolitics/;https://www.facebook.com/Reuters/;https://www.facebook.com/DonaldTrump/;https://www.facebook.com/msnbc/;https://www.facebook.com/APNews/;https://www.facebook.com/NBCNews/;https://www.facebook.com/usnewsandworldreport/;https://www.facebook.com/mashable/;https://www.facebook.com/NewYorkMag/;https://www.facebook.com/ABCWorldNewsNow/;https://www.facebook.com/insider/
https://www.facebook.com/oldtimeradiotvprogams/;https://www.facebook.com/Best-of-the-70s-410490996066948/;https://www.facebook.com/Gunsmoke-The-Radio-Classic-154067757985483/;https://www.facebook.com/Living-in-the-80s-172147979946872/;https://www.facebook.com/mapakettlemovies/;https://www.facebook.com/myradioclassics/;https://www.facebook.com/Latvijas.Republika/;https://www.facebook.com/VintageRadioApp/;https://www.facebook.com/MyTimeIsYourTime/;https://www.facebook.com/TinyHousesAndMore/;https://www.facebook.com/vintradblog/;https://www.facebook.com/whatwereyoudoingintheseventies/;https://www.facebook.com/Suspense-Radios-Outstanding-Theater-of-Thrills-88647676519/;https://www.facebook.com/Old-Tv-and-Radio-business-101616481662720/;https://www.facebook.com/Old-Time-Radio-1541473439463216/;https://www.facebook.com/Get-Smart-TV-Show-108917956430770/;https://www.facebook.com/JWTHAP/;https://www.facebook.com/The-Golden-Age-of-Radio-Guys-1743354495944405/;https://www.facebook.com/NineteenSeventiesToys/
https://www.facebook.com/onenewsnowcom/;https://www.facebook.com/ewjacksonsr/;https://www.facebook.com/americanfamilyradio/;https://www.facebook.com/sandyriosafrtalk/;https://www.facebook.com/thehamiltoncorner/;https://www.facebook.com/todaysissues/;https://www.facebook.com/familyresearchcouncil/;https://www.facebook.com/prophecyinthenews/;https://www.facebook.com/financialissues/;https://www.facebook.com/americanfamilystudios/;https://www.facebook.com/BreakingChristianNews/;https://www.facebook.com/WallBuilders-Live-Radio-Show-63992388980/;https://www.facebook.com/NowTheEndBegins/;https://www.facebook.com/SecretaryCarson/;https://www.facebook.com/warreport.news/;https://www.facebook.com/ProphecyNewsWatch/;https://www.facebook.com/endtimeheadline/;https://www.facebook.com/charismanews/;https://www.facebook.com/rapturereadywebsite/
https://www.facebook.com/pubint/;https://www.facebook.com/intelNews/;https://www.facebook.com/military.intelligence.international/;https://www.facebook.com/TheLibertyReport/;https://www.facebook.com/StopBlamingCapitalism/;https://www.facebook.com/DefendingFarrakhan/;https://www.facebook.com/redpilluniversity/;https://www.facebook.com/SGTreport/;https://www.facebook.com/FBICommunityRelations/;https://www.facebook.com/WhatOnEarthIsHappening/;https://www.facebook.com/LucyAndJeffShow/;https://www.facebook.com/American-Patriots-informational-reference-guide-302452657330160/;https://www.facebook.com/unpolicecia/;https://www.facebook.com/mekreneke22/;https://www.facebook.com/TheGlobalElite/;https://www.facebook.com/muscletech/;https://www.facebook.com/CounterExtremismProject/;https://www.facebook.com/exposingtheothers/;https://www.facebook.com/End-the-Rothschild-Globalist-Agenda-345339009181339/
https://www.facebook.com/pubint/;https://www.facebook.com/intelNews/;https://www.facebook.com/military.intelligence.international/;https://www.facebook.com/TheLibertyReport/;https://www.facebook.com/StopBlamingCapitalism/;https://www.facebook.com/DefendingFarrakhan/;https://www.facebook.com/redpilluniversity/;https://www.facebook.com/SGTreport/;https://www.facebook.com/WhatOnEarthIsHappening/;https://www.facebook.com/FBICommunityRelations/;https://www.facebook.com/LucyAndJeffShow/;https://www.facebook.com/American-Patriots-informational-reference-guide-302452657330160/;https://www.facebook.com/unpolicecia/;https://www.facebook.com/mekreneke22/;https://www.facebook.com/TheGlobalElite/;https://www.facebook.com/muscletech/;https://www.facebook.com/CounterExtremismProject/;https://www.facebook.com/exposingtheothers/;https://www.facebook.com/End-the-Rothschild-Globalist-Agenda-345339009181339/
https://www.facebook.com/R2ANM/;https://www.facebook.com/politicalcompassmemes/;https://www.facebook.com/timetogonuclear/;https://www.facebook.com/generationatomic/;https://www.facebook.com/politicalmemespcm/;https://www.facebook.com/8memesofficial/;https://www.facebook.com/TPUSSR/;https://www.facebook.com/SkepticalMemeSociety/;https://www.facebook.com/wildgreenmemesofficial/;https://www.facebook.com/Saskatchewan-Nuclear-Power-Advocates-2092342547523998/;https://www.facebook.com/NuclearEnergyGov/;https://www.facebook.com/MemesAreOurFuture/;https://www.facebook.com/radiationeffects.org/;https://www.facebook.com/thescientificatheist/;https://www.facebook.com/NuclearEnergyInstitute/;https://www.facebook.com/grindcoreisgay/;https://www.facebook.com/RealEngineering1/;https://www.facebook.com/www.ans.org/;https://www.facebook.com/ThomasEWoods/
https://www.facebook.com/Reason.Magazine/;https://www.facebook.com/libertarians/;https://www.facebook.com/nationalreview/;https://www.facebook.com/JohnStossel/;https://www.facebook.com/JoJorgensen2020/;https://www.facebook.com/mises.institute/;https://www.facebook.com/fdrlst/;https://www.facebook.com/DonaldTrump/;https://www.facebook.com/ronpaul/;https://www.facebook.com/yaliberty/;https://www.facebook.com/instituteforjustice/;https://www.facebook.com/politifact/;https://www.facebook.com/heritagefoundation/;https://www.facebook.com/aei/;https://www.facebook.com/4ffrf/;https://www.facebook.com/BlazeMedia/;https://www.facebook.com/daverubin/;https://www.facebook.com/CityJournal/;https://www.facebook.com/RonPaulInstitute/
https://www.facebook.com/revolvermag/;https://www.facebook.com/metalhammer/;https://www.facebook.com/GuitarWorld/;https://www.facebook.com/kerrangmagazine/;https://www.facebook.com/metalinjection/;https://www.facebook.com/LoudWire/;https://www.facebook.com/ThrasherMagazine/;https://www.facebook.com/Blabbermouth.net/;https://www.facebook.com/Metal-Girls-835306440192134/;https://www.facebook.com/metalbladerecords/;https://www.facebook.com/ClassicRockMagazine/;https://www.facebook.com/guitarplayermag/;https://www.facebook.com/ou818/;https://www.facebook.com/decibelmagazine/;https://www.facebook.com/heavymag/;https://www.facebook.com/MetalPath/;https://www.facebook.com/projectrevolver/;https://www.facebook.com/bassplayermag/;https://www.facebook.com/RelapseRecords/
https://www.facebook.com/RichardDWolff/;https://www.facebook.com/Noam-Chomsky-294468630182/;https://www.facebook.com/EconomicUpdate/;https://www.facebook.com/drcornelwest/;https://www.facebook.com/AmyGoodman.DemocracyNow/;https://www.facebook.com/democracynow/;https://www.facebook.com/OnContactRT/;https://www.facebook.com/jacobinmag/;https://www.facebook.com/CounterPunchOrg/;https://www.facebook.com/OurWorldinData/;https://www.facebook.com/TheEmpireFiles/;https://www.facebook.com/JimmyDoreShow/;https://www.facebook.com/dissentmag/;https://www.facebook.com/MattTaibbiWriter/;https://www.facebook.com/Truthdig/;https://www.facebook.com/ChrisLynnHedges/;https://www.facebook.com/ThomHartmannProgram/;https://www.facebook.com/TheMichaelBrooksShow/;https://www.facebook.com/partiallyexaminedlife/
https://www.facebook.com/SkepticalScience/;https://www.facebook.com/nasaearth/;https://www.facebook.com/RealClearScience/;https://www.facebook.com/theskepticsguide/;https://www.facebook.com/skepticalinquirer/;https://www.facebook.com/EarthPicUSRA/;https://www.facebook.com/climatepower2020/;https://www.facebook.com/insideclimatenews/;https://www.facebook.com/evolution.ncse/;https://www.facebook.com/climatecentral/;https://www.facebook.com/NotAnExactScienceShow/;https://www.facebook.com/ClimateHomeNews/;https://www.facebook.com/scinewscom/;https://www.facebook.com/mysteriousuniv/;https://www.facebook.com/zmescience/;https://www.facebook.com/CounterPunchOrg/;https://www.facebook.com/GeomorphologyRules/;https://www.facebook.com/WSJPolitics/;https://www.facebook.com/CO2.Earth/
https://www.facebook.com/submarineinstitute/;https://www.facebook.com/HMASStirling/;https://www.facebook.com/VicSubs/;https://www.facebook.com/HMASSupplyII/;https://www.facebook.com/SilentServiceMCCAustralia/;https://www.facebook.com/SAAQLD/;https://www.facebook.com/PastandPresentADF/;https://www.facebook.com/AlwaysNavy/;https://www.facebook.com/AIMAunderwater/;https://www.facebook.com/DefenceConnect/;https://www.facebook.com/visitholbrooksubmarine/;https://www.facebook.com/ascptyltd/;https://www.facebook.com/anuinspace/;https://www.facebook.com/RARCorporation/;https://www.facebook.com/19CEWorks/;https://www.facebook.com/pussersartau/;https://www.facebook.com/AusDefMag/;https://www.facebook.com/AustralianArmy6ESR/;https://www.facebook.com/Australian-Submarines-Official-Merch-114932363275378/
https://www.facebook.com/superfruit/;https://www.facebook.com/uniqberry/;https://www.facebook.com/BCBlueberries/;https://www.facebook.com/oemthaifrozen/;https://www.facebook.com/paulcollsquash/;https://www.facebook.com/George-Bennett-151679644942383/;https://www.facebook.com/goldfernhoney/;https://www.facebook.com/lovinglylilli/;https://www.facebook.com/australfisheries/;https://www.facebook.com/ViberiNZ/;https://www.facebook.com/PetesNaturalNZ/;https://www.facebook.com/Sujon-AC-Motors-600793176743374/;https://www.facebook.com/wine2uNZ/;https://www.facebook.com/drkeithhammett/;https://www.facebook.com/nathanfaavaenz/;https://www.facebook.com/fill2pure/;https://www.facebook.com/stonebaths.co.nz/;https://www.facebook.com/New-Zealands-Best-Car-Deal-137697114319/;https://www.facebook.com/Sujon-Man-666827576718060/
https://www.facebook.com/thatsnonsense/;https://www.facebook.com/Hoax-Slayer-69502133435/;https://www.facebook.com/Facecrooks/;https://www.facebook.com/snopes/;https://www.facebook.com/SkepticalSpectacles/;https://www.facebook.com/factcheck.org/;https://www.facebook.com/FullFact.org/;https://www.facebook.com/plexapp/;https://www.facebook.com/NewsThump/;https://www.facebook.com/archaeologynews/;https://www.facebook.com/LeadStoriesCom/;https://www.facebook.com/InsufferableIntolerance/;https://www.facebook.com/AllThatsInteresting/;https://www.facebook.com/Movie-Censorship-128960090498258/;https://www.facebook.com/Vintage-Clothing-1796796210563203/;https://www.facebook.com/atheistsagainstpseudoscientificnonsense/;https://www.facebook.com/EndTheWoo/;https://www.facebook.com/CruisingTheCut/;https://www.facebook.com/SkepticalScience/
https://www.facebook.com/The-Australian-ANTI-Greens-158418580891970/;https://www.facebook.com/thisblokeisaprick/;https://www.facebook.com/Aussies-against-political-corruption-and-lies-187641714610377/;https://www.facebook.com/Bill-Shorten-will-NEVER-be-Prime-Minister-435498999890078/;https://www.facebook.com/PumaFootball/;https://www.facebook.com/proudaussiesagainsthalal/;https://www.facebook.com/White-community-Council-of-Australia-2203973989865363/;https://www.facebook.com/A-View-Of-A-Silent-Majority-in-Aus-517145622093706/;https://www.facebook.com/Take-action-against-Halal-Certification-and-animal-barbarity-Australia-146695118740648/;https://www.facebook.com/Aussiemancavestuff/;https://www.facebook.com/QldAuthorityExpo/;https://www.facebook.com/AustralianDairyfarmer/;https://www.facebook.com/Extinction-Rebellion-the-Truth-102811137927181/;https://www.facebook.com/U-R-Australia-239654226107792/;https://www.facebook.com/abcinbrisbane/;https://www.facebook.com/Patriots-Defence-League-Sydney-Chapter-548068728640060/;https://www.facebook.com/rodneycaddies/;https://www.facebook.com/AFP-Central-Queensland-1703959376583742/;https://www.facebook.com/manicseeds/
https://www.facebook.com/thedailychrenk/;https://www.facebook.com/irishtimes/;https://www.facebook.com/Endthelockdownaustralia/;https://www.facebook.com/john.humphreys.australia/;https://www.facebook.com/NightTrainsArthurChrenkoff/;https://www.facebook.com/SenatorRyan/;https://www.facebook.com/QuadrantAus/;https://www.facebook.com/PetaCredlin/;https://www.facebook.com/RitaPanahiColumnist/;https://www.facebook.com/australiafirsthuntervalley/;https://www.facebook.com/advanceaust/;https://www.facebook.com/leunigmrcurly/;https://www.facebook.com/rutheniaandgalicia/;https://www.facebook.com/AustralianPoliticalReview/;https://www.facebook.com/ChristianRowanLNP/;https://www.facebook.com/thepoliticalsword/;https://www.facebook.com/Bill-Shorten-will-NEVER-be-Prime-Minister-435498999890078/;https://www.facebook.com/Stop-Population-Growth-Now-198787186817731/;https://www.facebook.com/axethessaf/
https://www.facebook.com/TheFLW/;https://www.facebook.com/antifaterror/;https://www.facebook.com/antifacowards/;https://www.facebook.com/RasmussenPoll/;https://www.facebook.com/poorgirlstyle1/;https://www.facebook.com/SCOTUSblog/;https://www.facebook.com/rightwingwatch/;https://www.facebook.com/GARKek/;https://www.facebook.com/nationalfile/;https://www.facebook.com/genesiustimes/;https://www.facebook.com/politicalabstract/;https://www.facebook.com/memepoliceman/;https://www.facebook.com/thepaleoconservatives/;https://www.facebook.com/Pragmatism101/;https://www.facebook.com/antifadestruction/;https://www.facebook.com/lpmisescaucus/;https://www.facebook.com/infideltaskforc/;https://www.facebook.com/Fight-For-the-First-429644494216973/;https://www.facebook.com/waxworkrecords/
https://www.facebook.com/The-Galileo-Movement-101728306584541/;https://www.facebook.com/LordMonckton/;https://www.facebook.com/ClimateNews.ca/;https://www.facebook.com/Miniiceage/;https://www.facebook.com/onehealthresearchgroup/;https://www.facebook.com/BigPicNews/;https://www.facebook.com/FoSClimateEd/;https://www.facebook.com/The-Australian-ANTI-Greens-158418580891970/;https://www.facebook.com/pickeringpost/;https://www.facebook.com/RachelCollisOriginalMusic/;https://www.facebook.com/menzieshouse/;https://www.facebook.com/normandyremembers/;https://www.facebook.com/JackNobleBooks/;https://www.facebook.com/seanpatrickmcgrawmusic/;https://www.facebook.com/stampboards/;https://www.facebook.com/ZEGTOONS/;https://www.facebook.com/therealmofvenus/;https://www.facebook.com/SiameseOllie/;https://www.facebook.com/Climate-debate-response-team-382162442600207/
https://www.facebook.com/TheGeneralConsensus/;
https://www.facebook.com/thegrandsolarmini/;https://www.facebook.com/The-Watchers-255517537825098/;https://www.facebook.com/Miniiceage/;https://www.facebook.com/oppenheimerranch/;https://www.facebook.com/Earthquake-Report-145927268753491/;https://www.facebook.com/isthereglobalcooling/;https://www.facebook.com/observatoryproject/;https://www.facebook.com/eqalerts/;https://www.facebook.com/LoudPlanetGeoscience/;https://www.facebook.com/earthtoskycalculus/;https://www.facebook.com/forbiddenknowledgenewsconspiracy/;https://www.facebook.com/spaceweatherdotcom/;https://www.facebook.com/knowtruth101/;https://www.facebook.com/theleakproject/;https://www.facebook.com/SpaceWeatherLive/;https://www.facebook.com/CLScaHAARP/;https://www.facebook.com/EarthquakesWorldAffairs/;https://www.facebook.com/NWSSWPC/;https://www.facebook.com/thunderboltsproject/
https://www.facebook.com/theGWPF/;https://www.facebook.com/AdamSmithInstitute/;https://www.facebook.com/FoSClimateEd/;https://www.facebook.com/SkepticalScience/;https://www.facebook.com/350Africa.org/;https://www.facebook.com/TheClimateGroup/;https://www.facebook.com/ClimateHomeNews/;https://www.facebook.com/HistoryHit/;https://www.facebook.com/DrPeterRidd/;https://www.facebook.com/globalwarmingsolved/;https://www.facebook.com/TheLastAmericanVagabond/;https://www.facebook.com/AboveClimateChange/;https://www.facebook.com/BulletinOfTheAtomicScientists/;https://www.facebook.com/isthereglobalcooling/;https://www.facebook.com/LordMonckton/;https://www.facebook.com/riverhouselou/;https://www.facebook.com/leaversbritain/;https://www.facebook.com/LTEUorguk/;https://www.facebook.com/GlobalSocialMediaMarketing/
https://www.facebook.com/TheLastAmericanVagabond/;https://www.facebook.com/whitneywebbwriter/;https://www.facebook.com/MintpressNewsMPN/;https://www.facebook.com/TheConsciousResistance/;https://www.facebook.com/TruthInMediaProject/;https://www.facebook.com/derrickbroze/;https://www.facebook.com/FreedomCellNetwork/;https://www.facebook.com/MintPressNews/;https://www.facebook.com/reallygracefulyt/;https://www.facebook.com/HighImpactFlix/;https://www.facebook.com/ConsortiumNews/;https://www.facebook.com/TheEmpireFiles/;https://www.facebook.com/BenDNorton/;https://www.facebook.com/RonPaulInstitute/;https://www.facebook.com/CounterPunchOrg/;https://www.facebook.com/thefifthcolumnnews/;https://www.facebook.com/rfkjr/;https://www.facebook.com/CandaceOwensforAmerica/;https://www.facebook.com/thepeoplesvoicetv/
https://www.facebook.com/TheNewAmerican/;https://www.facebook.com/ProjectVeritas/;https://www.facebook.com/alexjnewman86/;https://www.facebook.com/turningpointusa/;https://www.facebook.com/JohnBirchSociety/;https://www.facebook.com/fdrlst/;https://www.facebook.com/dohanews/;https://www.facebook.com/realTomFitton/;https://www.facebook.com/GriffinGEdward/;https://www.facebook.com/DonaldTrump/;https://www.facebook.com/JudicialWatch/;https://www.facebook.com/newsmax/;https://www.facebook.com/QatarDay/;https://www.facebook.com/JaySekulow/;https://www.facebook.com/BlazeMedia/;https://www.facebook.com/thedodosite/;https://www.facebook.com/AmericanThinker/;https://www.facebook.com/ronpaul/;https://www.facebook.com/CampaignforLiberty/
https://www.facebook.com/theoppenheimgroup/;https://www.facebook.com/ChrishellStauseActress/;https://www.facebook.com/maryfitzgerald.luxuryhomes/;https://www.facebook.com/TheJoshAltman/;https://www.facebook.com/Maya-Vander-Realtor-Associate-305877176093570/;https://www.facebook.com/theheatheraltman/;https://www.facebook.com/Davina-Potratz-375849886587217/;https://www.facebook.com/stevexgold/;https://www.facebook.com/MillionDollarListingLosAngeles/;https://www.facebook.com/thealtmanbrothers/;https://www.facebook.com/Jason-Oppenheim-261064561221969/;https://www.facebook.com/theagencyRE/;https://www.facebook.com/justinhartley/;https://www.facebook.com/serhantco/;https://www.facebook.com/tracytutorofficial/;https://www.facebook.com/hiltonhyland/;https://www.facebook.com/HawaiiLife.RealEstate/;https://www.facebook.com/LoveIslandITV2/;https://www.facebook.com/mauricio.umansky/
https://www.facebook.com/ThePointTV/;https://www.facebook.com/GaryOrsum/;https://www.facebook.com/daisycousenswriter/;https://www.facebook.com/knowyourrightsgroup/;https://www.facebook.com/ToughGuyBookClub/;https://www.facebook.com/BlackStump.com.au/;https://www.facebook.com/YellingAtRabidFlogs/;https://www.facebook.com/NaomiCookFormerNurse/;https://www.facebook.com/rahnisadler/;https://www.facebook.com/thewaythingsare27/;https://www.facebook.com/weareawakening/;https://www.facebook.com/RestandRhythm/;https://www.facebook.com/tjupurulamulan/;https://www.facebook.com/BramConnollyAuthor/;https://www.facebook.com/TheSchoolofThought/;https://www.facebook.com/Save-the-kangaroo-from-human-predation-110810285630248/;https://www.facebook.com/MichiesMadMission/;https://www.facebook.com/completemen/;https://www.facebook.com/Australasian-Doctor-Who-Fan-Club-1434476240196571/
https://www.facebook.com/thepursuitofenergy/;https://www.facebook.com/DontLetItGoUnheard/;https://www.facebook.com/industrialprogress/;https://www.facebook.com/the.objective.standard/;https://www.facebook.com/ybrook/;https://www.facebook.com/AynRandBot/;https://www.facebook.com/HumanFlourishingProject/;https://www.facebook.com/AynRandOrg/;https://www.facebook.com/ellen.kenner/;https://www.facebook.com/kirapeikoff/;https://www.facebook.com/ThomasEWoods/;https://www.facebook.com/AlexBerensonAuthor/;https://www.facebook.com/AnthemBook/;https://www.facebook.com/AynRandInstitute/;https://www.facebook.com/robertspencerJW/;https://www.facebook.com/iamelanjourno/;https://www.facebook.com/ThomasSowellSociety/;https://www.facebook.com/pamela.druckerman/;https://www.facebook.com/OccupyMSM/
https://www.facebook.com/thepursuitofenergy/;https://www.facebook.com/DontLetItGoUnheard/;https://www.facebook.com/the.objective.standard/;https://www.facebook.com/industrialprogress/;https://www.facebook.com/ybrook/;https://www.facebook.com/AynRandBot/;https://www.facebook.com/HumanFlourishingProject/;https://www.facebook.com/AynRandOrg/;https://www.facebook.com/ellen.kenner/;https://www.facebook.com/kirapeikoff/;https://www.facebook.com/ThomasEWoods/;https://www.facebook.com/AlexBerensonAuthor/;https://www.facebook.com/AnthemBook/;https://www.facebook.com/AynRandInstitute/;https://www.facebook.com/robertspencerJW/;https://www.facebook.com/iamelanjourno/;https://www.facebook.com/ThomasSowellSociety/;https://www.facebook.com/pamela.druckerman/;https://www.facebook.com/OccupyMSM/
https://www.facebook.com/theresurgent/;https://www.facebook.com/teapartypatriots/;https://www.facebook.com/RedStateBlog/;https://www.facebook.com/tedcruzpage/;https://www.facebook.com/ewerickson/;https://www.facebook.com/stevedeace/;https://www.facebook.com/newsmax/;https://www.facebook.com/The-Silent-Majority-2-297320404365324/;https://www.facebook.com/DavidAustinFrench/;https://www.facebook.com/TheFirstonTV/;https://www.facebook.com/americanspectator/;https://www.facebook.com/AmericaRightNews/;https://www.facebook.com/mediaresearchcenter/;https://www.facebook.com/nationalreview/;https://www.facebook.com/TheStream.org/;https://www.facebook.com/JonahJGoldberg/;https://www.facebook.com/AmericanThinker/;https://www.facebook.com/humaneventsmedia/;https://www.facebook.com/stuburguiere/
https://www.facebook.com/Vaccine-Facts-2220944541515484/;https://www.facebook.com/vaccineepidemic/;https://www.facebook.com/learntherisk/;https://www.facebook.com/medicalchoiceisfreedom/;https://www.facebook.com/learntherisks/;https://www.facebook.com/vaxednet/;https://www.facebook.com/NaturalNewsMikeAdams/;https://www.facebook.com/delbigtreevaxxed/;https://www.facebook.com/TinyHousesAndMore/;https://www.facebook.com/theinformedmama209/;https://www.facebook.com/awakemamma/;https://www.facebook.com/MillionsAgainstMedicalMandates/;https://www.facebook.com/LearntheREALRisk/;https://www.facebook.com/theinformedfather/;https://www.facebook.com/ScienceBasedMed/;https://www.facebook.com/againstcpsandgovernnmentcorruption/;https://www.facebook.com/immunityed/;https://www.facebook.com/thisweekinvirology/;https://www.facebook.com/TheCrazySimpsonResurchMamas/
https://www.facebook.com/wattsupwiththat-133662869999306/;https://www.facebook.com/gunscom/;https://www.facebook.com/MarkSteynOnline/;https://www.facebook.com/HumanProgress.org/;https://www.facebook.com/DavidAustinFrench/;https://www.facebook.com/TheFLW/;https://www.facebook.com/americanspectator/;https://www.facebook.com/QuilletteM/;https://www.facebook.com/ClimateNews.ca/;https://www.facebook.com/LordMonckton/;https://www.facebook.com/theresurgent/;https://www.facebook.com/FoSClimateEd/;https://www.facebook.com/RedStateBlog/;https://www.facebook.com/GTRoadrunner/;https://www.facebook.com/thepursuitofenergy/;https://www.facebook.com/MercatorNet/;https://www.facebook.com/intelligencehub/;https://www.facebook.com/BulletinOfTheAtomicScientists/;https://www.facebook.com/SkepticalScience/
https://www.facebook.com/WoodsmithPlan/;https://www.facebook.com/woodsmithmagazine/;https://www.facebook.com/woodworkersjournal/;https://www.facebook.com/Rockler/;https://www.facebook.com/WoodcraftWoodworking/;https://www.facebook.com/popularwoodworking/;https://www.facebook.com/finewoodworkingmagazine/;https://www.facebook.com/thewoodwhisperer/;https://www.facebook.com/kregjig/;https://www.facebook.com/Creative-Woodworking-2010327515907236/;https://www.facebook.com/mlcswoodworking/;https://www.facebook.com/WoodpeckersTools/;https://www.facebook.com/secretsofwoodworking/;https://www.facebook.com/Stumpy-Nubs-Woodworking-Journal-305639859477973/;https://www.facebook.com/buildsomething/;https://www.facebook.com/LumberJocksCom/;https://www.facebook.com/WoodwrightsShop/;https://www.facebook.com/SSWmag/;https://www.facebook.com/GardenGateMagazine/
https://www.facebook.com/wwpagws/;https://www.facebook.com/LordMonckton/;https://www.facebook.com/globalwarmingsolved/;https://www.facebook.com/climatepatriot/;https://www.facebook.com/BigPicNews/;https://www.facebook.com/SayNoTo5G/;https://www.facebook.com/AboveClimateChange/;https://www.facebook.com/Abiogenic-Oil-118793368145644/;https://www.facebook.com/Le-Dank-Meme-Stash-de-Julian-Assange-384377568826323/;https://www.facebook.com/pearlsandirritations/;https://www.facebook.com/FabiusMaximusWebsite/;https://www.facebook.com/Say-YES-to-Nuclear-Energy-130703406966436/;https://www.facebook.com/ashleyroweinc/;https://www.facebook.com/PERSONofINTERESTnEWZEALANd/;https://www.facebook.com/GlobalWarmingTimes/;https://www.facebook.com/20s-pointless-1517142108510357/;https://www.facebook.com/AlternativeforAustralia/;https://www.facebook.com/tealswanofficial/;https://www.facebook.com/AmIMakingSense/
