350.org;ExtinctionRebellion;WWF;CitizensClimateLobby;unionofconcernedscientists;greenpeaceusa;climatepower2020;EcoWatch;grist.org;nrdc.org;iucn.org;EnvDefenseFund;Earthjustice;Climate-Awareness-Network-325073881246240;auroraborealisobservatory;dontdrill;callforclimate;republicen;WorldWarZeroOrg
AboveClimateChange;
AdventuresOfDanAndTina;messagesfrombeyondtheveil;thehealingjourneyfromdomesticabuse;S.S.PhoenixAsh;Legit-Talk-101706304661623;EmilyCSchulz;AndStillIRiseCounseling;Worldofourownreality;HEALINGFROMTOXICRELATIONSHIPS;AlzDefenseFund;PeopleOfBeauty2020;strategicglobalcommissioning;narcissistmeets;ArtbyNory-104274707603330;ChelleO70;unitymattersnow;psychologyandhumanbehaviors;WysestMynInTheWyrld;Mental-Health-Mechanic-106474201043830
algore;KamalaHarris;ElizabethWarren;senatorelizabethwarren;senatorsanders;chelseaclinton;NancyPelosi;johnkerry;therachelmaddowshow;barackobama;senatoralfranken;TeamAlFranken;nasaearth;GGiffords;SenatorKamalaHarris;thomaslfriedman;georgewbush;AnInconvenientTruth;hillaryclinton
Am%C3%A9n-Aleluya-130266513740108;Dios-es-Vida-243689932409374;LoveGodYourselfYourNeighbor;Aleluya.Store;generaciondecristoo1;fernsaregreen;canadasummerenglishprogram;FlipABit;imci.languages.instituto.multicultural.idiomas;RockitUpn;CODEH-GESTALT-239197596130341;elshaddaipasionxjesus;ProjectRedSpike;ARIgpo;rayreaddy;MonkeyAds;ETHOS-Consulta-de-Etolog%C3%ADa-Cl%C3%ADnica-Veterinaria-263439217007233;Timoteo31617;Relojes-Originales-Mexicali-409238326482076
AmericanThinker;
amnesty;HumanRightsWatch;unesco;UNHCR;unwomen;unitednationshumanrights;UNDP;amnestyusa;unitednations;amnestyfr;AmnestyArabic;crisisgroup;UNOCHA;amnestyafrica;AmnestyInternationalCR;AmnestyInternationalItalia;IOM;UN.Geneva;unep
anggos;GetUpAustralia;AsylumSeekerResourceCentreASRC;LoveMakesAWayForAsylumSeekers;tanya.plibersek;burke.tony.mp;JessHilljournalist;senatorpennywong;environmentaldefendersoffice;MothersUnionAustralia;FriendsOfTheAbc;WomensElectoralLobbyAustralia;TheAustralianIndependentMediaNetwork;AustraliaForward;larissawaters;anglicanchurchsq;doug.cameron.51;StopTheTraffikAustralia;DrsAgainstViolenceTowardWomen
ArcticAnthropology;Sustaining-Arctic-Observing-Networks-SAON-1016390421715264;AlaskaAnthropologicalAssociation;americanpolarsociety;archaeologycanada;centerfirstamericans;ArcticStudiesCenter;HighArcticInstitute;AlaskaHistoricalSociety;PaleoDB;TheArcticCOAST;journaloflithicstudies;inthemedievalmiddle;Elfshot-286860652714;AntarcticGlaciers;ThePolarInstitute;ArcticResearchConsortium;EvolutionJournal;ArcticInstituteofNorthAmerica
Armstrongecon;
ArtsCauses;causes;EducationCauses;HumanRightsCauses;NoSharkFinsSingapore;DisasterReliefCauses;WomensRightsCauses;MicheleArtsSince1979;InternationalDevelopmentCauses;Sakooni;OrphanAid-Africa-153013911390026;A-Thousand-Splendid-Suns-by-Khaled-Hosseini-136592163117309;KeeptheArtsinPublicSchools;GalleryArts;PlayChess;InternetSociety;HomemadeHoliday101;TopDigitalMarketingIndia;PetAlbum
Atomic-Engineering-Facility-1425172197703269;liars4bidden;willapa-art-and-design-730072817137867;themillennialdemocracy;50StatesofBlue-107592840579202;KeepitinShape;Helpful-Stuff-534757663390679;tshirtplus101;PeopleUnitedAgainstDonaldTrump;WorldsArtOfSarcasm;LOST-Outlaws-773860162742070;SaveTed;Central-Texas-Great-Pyrenees-Puppies-102895831347689;haroldjackson3rd;BATCHCO-Rio-Grande-1201937596523207;mayitadinosmusic;American-Citizen-against-chipping-of-Humans-104341007668547;The-Alivia-Project-108607603924559;williamjurmsonpoliticalbomb
AustralianPoliticalReview;DrPeterRidd;aussiepatriotsroll;MarkLathamsOutsiders;thisblokeisaprick;advanceaust;ONENATIONGRASSROOTS;sophieyorkaustralianconservatives;sbsnews;Heisesays;SenatorStoker;SenatorKeneally;realsolarcycles;Bill-Shorten-will-NEVER-be-Prime-Minister-435498999890078;thedailychrenk;JessWalshVic;JacintaNPrice;jacquilambienetwork;AustraliansforProgressiveGovernment
bbcearth;NatGeoAdventure;Discovery;NGM;natgeowild;AnimalPlanet;natgeotravel;nasaearth;BBCTravel;NatGeoOcean;BBCCulture;BBCOne;ISS;BBCFuture;DiscoverMag;BusinessInsiderScience;ScienceNaturePage;HBO;cnninternational
BBCFuture;BBCTravel;BBCCulture;BBCScienceNews;BBCStories;newscientist;bbctech;bbcer;BBCWorklife;BBCArchive;BBCLondon;HistoryExtra;BBCArtsOnline;nytimesscience;BBCBritain;BBCWalesNews;BBC100women;sciencenews;BBCTrending
BBCScienceNews;BBCCulture;BBCTravel;NatGeoAdventure;nytimesscience;bbctech;newscientist;BBCEntsNews;BBCLondon;BBCStories;bbcnewsnight;wikipedia;bbcscotlandnews;NGM;bbcmoney;deutschewellenews;WWF;AlJazeeraWorld;sciencenews
BigPicNews;LordMonckton;FoSClimateEd;ClimateNews.ca;wwpagws;BreitbartLondon;george.russell;WindConcernsOntario;grandsolarminimumuk;FabiusMaximusWebsite;noteviljustwrong;nationalwindwatch;HumanFlourishingProject;MoltenNaCLreactor;Exploit-the-Earth-or-Die-259643534381;EllenBrownAuthor;thesavvystreet;cfactcanada;ClimateDN
BlackStump.com.au;queenslandboulderopalassociation;australia.pres5;lawntips;stampboards;stormskatesaus;photoreview.au;TwoBlokesTalkingTech;Skippys-Gems-152611124838;mountrolandfolkfest;ThePointTV;OCHO-Guest-House-1011056842299890;jacksminiature;weareawakening;Speed-Skating-Bunbury-Roller-Skating-Club-107015149369282;czoriginalart;hunterwildliferescuenatfinc;Ask-Uncle-Jo-251061772120318;teaminvestprivate
bloombergbusinessweek;HBR;cnnbusiness;cnbcinternational;BloombergPolitics;BloombergAsia;forbes;BusinessInsider.Finance;cnbc;BloombergTelevision;marketwatch;bloombergopinion;Statista.Inc;CNBCMakeIt;BusinessInsiderScience;EconomistAsia;washingtonpost;FactsMaps;yahoofinance
bloombergdotorg;mikebloomberg;BloombergPolitics;KamalaHarris;bloomberglp;bloombergopinion;johnshopkinsuniversity;mercycorps;Everytown;unops.org;WHOYemen;EconomistAsia;BloombergCareers;GAVI;BusinessInsiderIndia;bloombergpursuits;BloombergTelevision;TheLancetMedicalJournal;ListenToBloomberg
bloombergopinion;BloombergPolitics;BloombergTelevision;cnnbusiness;cnbcinternational;usnewsandworldreport;CNNOpinion;EconomistAsia;bloomberglp;CNBCMakeIt;cnbc;HBR;marketwatch;yahoofinance;morganstanley;cnnpolitics;MoneyMagazine;BusinessInsider.Finance;NYSE
BloombergPolitics;CNNOpinion;usnewsandworldreport;BloombergTelevision;nytpolitics;BloombergAsia;cnnpolitics;washingtonpostpolitics;cnnbusiness;nytimesscience;ReutersUK;WSJPolitics;APNews;washingtonpostopinions;MirrorPolitics;cnbcinternational;TheAtlantic;usatoday;nytopinion
bloombergpursuits;BloombergPolitics;BloombergTelevision;cnbcinternational;bloomberglp;BloombergCareers;BloombergNEF;morganstanley;BloombergAsia;venturebeat;nytvideo;jpmorgan;McKinsey;NBCNewsBusiness;CNBCMakeIt;nytimestravel;FastCompany;investingdotcom;forbesasia
bloombergquint;thefinancialexpress;bsindia;BusinessInsiderIndia;moneycontrol;ETMarkets;mint.live;cnbcinternational;EconomicTimes;scroll.in;quintillion;etnow;cnbctv18india;IndiaToday;yourstorycom;indiacarblog;indianexpress;Timesnow;koinex
BloombergTelevision;cnnbusiness;cnbc;usnewsandworldreport;cnbcinternational;cnnpolitics;bloomberglp;CNNOpinion;verge;arstechnica;Newsweek;MoneyMagazine;marketwatch;BloombergAsia;Nasdaq;ListenToBloomberg;barrons;morganstanley;NYSE
bougeonsaavancon;nonauxeoliennesabrux;CarnieresSansEolienne;Pas-d%C3%A9olien-industriel-en-Pays-de-NIED-2178470442369687;Association-Auboise-des-Truffes-dAutomne-502135517278059;rotary5rivieres;France.Adot.91.Essonne;guidog.educationcanine;lecheracheval;pierresamuel.chansonnier;bederamareims;lartscenes.valbonne;gustooinstitut;EtHop.io;sacreremois;cndepah;cfdt.manpowersudouest;APE-des-%C3%A9coles-dAvan%C3%A7on-et-St-Loup-en-Champagne-102489691219371;Boulangerie-Patisserie-Arthur-Hugo-386940888423185
Bretts-Garage-148949925144877;Hardings-Living-Legends-492101580885747;sedonaredrocksrotary;ShaunSureThingcom-312069118852;CannonCraftWoodworking;RambleBrothers;cherryshandmadecreations;SahuaroHighSchoolBand;azautoflg;VMsources;AZPYRO;WesleyMatthewJames;CindieMcArthurNorwexIndependentSalesConsultant;invertedskyimages;frobesinc;Manor-House-Haunt-1414336452160887;Keyakian.soba.udon;suhovka;queeer4books
BrideMagazines;homesandgardens;YOUMagSocial;sundaytimesstyle;wedluxe;landscapemag;guardiantvandradio;GuardianFashion;StyleAtHomeMag;heritagehunteruk;Greatmagazines;rockmywedding;modelrail;OfficialJWMag;dorsetmagazine;BRIDES;guardiancities;TaBPuzzles;SOIBgoib
BulletinOfTheAtomicScientists;BulletinDoomsdayClock;armscontrol;MintpressNewsMPN;StateDepartment.ISNBureau;therealnews;smithsonianmagazine;CDC;fascientists;NNSANews;belfercenter;unionofconcernedscientists;CounterPunchOrg;csisponi;nti.org;BeyondtheBomb;TheLastAmericanVagabond;EurekAlert;Endtimes-Watchman-122454065100510
CANInternational;WYFOfficial;UNCarbonMechs;ClimateChange.SDG.KnowledgeHub.IISD;unwomeneuropecentralasia;unep;C40Cities;UNDGCCSO;unenvironmenteurope;EllenMacArthurFoundation;IHRO-International-193438874052838;usinstituteofpeace;caneurope;ClientEarth;foeint;TheClimateGroup;ClimateHomeNews;conservation.intl;sustainableenergyforall
causes;psychologytoday;happyfactsme;NGM;breastcancerjustice;dosomething;YearsOfLiving;Disney;osho.international;linkinpark;buzzfeednifty;invisiblechildren;Distractify;Rolloid;urbandictionary;FritoLay;HumanRightsCauses;AmericanProgressAction;TheHungerSite
CCGWHiddenEvidence;ClimateChangeIs100PercentReal;Check-The-Evidence-772857093052741;ClimateChangeInPictures;DrJudyWoodAustralia;Acknowledged-A-Perspective-on-the-Matters-of-UFOs-Aliens-and-Crop-Circles-2623405097732409;PookztA;TheeAncientAliens;400PPM;GlobalWarmingPlanet;RussianSpaceProgram;UFO.Alerts;satnammom;Music-Guess-418098028236140;Save.P.Earth;WolfClanMedia;GlobalWarmingTimes;ourplnt;younglivingwithmamalisa
CFACTCampus;FreeSpeechAmericaProject;alec.states;AmericasFutureFoundation;atlasnetwork;yaliberty;ConservativeNewsDly;LeadershipInstitute;LICampusAction;CKinstitute;march4ourrights;climatehustle2;issuesandinsights;FreedomFoundationMN;LordMonckton;The-State-of-Our-Union-112350937168628;IceCube;the.sons.of.liberty.truthjusticeandtheamericanway;speechfirstorg
CitizensClimateLobby;insideclimatenews;CCLLosAngeles;jimehansen;unionofconcernedscientists;Earth-Uprising-106427537392423;ClimateDisobedience;YaleProgramOnClimateChangeCommunication;Earthjustice;republicen;youthvgov;PoliticalResearchAssociates;MichaelMannScientist;BiMinistry;climateone;EnvironmentalVoterProject;greenpeaceusa;ClimateXChange;Roosevelt.Institute
CliffsNotes;enotes;ForDummies;BookRagsInc;SPARKNOTES;HMHBooks;wiseGEEK;cambridge.university;Simonandschuster;encyclopediacom;123HelpMe-194749363876730;GradeSaverLLC;HPBusiness;dictionarycom;postsecret;WilbanksCaptiveBredReptiles;brightstorm;thesauruscom;Market-Traders-Daily-816587211849736
Climate-Awareness-Network-325073881246240;UNBiodiversityConvention;GlobalWarmingPlanet;EverydayClimateChange;UnitedNationsWater;SustainableExchange;TraininginCognitiveBehavioralTherapy;ClimateChangeInPictures;curious.earth.hq;activevegans;Save.P.Earth;motherearthprojectmep;TerrestrialVibes;karenokindness;Fragiadakisfamilycretanhoney;ViktorFranklAustralia;GWPMed;onekindthought;Germany-Chat-1984583468513931
climatecentral;climatepower2020;insideclimatenews;WorldMeteorologicalOrganization;NOAAClimateGov;SkepticalScience;Carbon-Tracker-389102984476793;climatesolutions;grist.org;ClimateOutreachCOIN;InsideScience;NPSClimateChange;JSTORDaily;ClimateState;DeSmogBlog;YaleProgramOnClimateChangeCommunication;AmericanGeophysicalUnion;DailyClimate;MichaelMannScientist
Climatechange2040;Effect-Of-Climate-Change-1189951081032559;Climate-Change-and-Global-Warming-1996390693908922;Save-The-World-From-Effects-Of-Global-Warming-398539503832141;climate.change.crusade.org;ClimateChangeImpact;Collage-Making-117933184976934;envissues;Global-Warming-and-Climate-Change-469635253148107;environmental.issues.global;cloud7spruce;climatecollageegypt;Airpollutionindia;GlobalWarmingIssues;IPS.jay.2022;GlobalWarmingTimes;biodiveristymeanslivingtogther;Iidewji;Newtons-Laws-of-Motion-161286707347668
Climate-Change-and-Global-Warming-1996390693908922;
ClimateChangeFacts;The-Climate-Summit-372760484921;greenfacts;Blum-William-302542620118;DeepSpaceDrones;IanVincentCCF;ClimateChangeInPictures;LifePhysicsGroup;OceanAssociates;GlobalWarmingPlanet;Climate-Change-Working-Group-at-United-Nations-202727659788133;Climate-Change-Impacts-Adaptation-and-Mitigation-Documentation-Project-175617582535408;mypageonclimatechange;ClimateChangeNationalForumAndReview;ourplnt;Global-Warming-The-Climatic-False-Flag-155945371794383;climate.02;AskScientist;American-Journal-of-Forensic-Medicine-Pathology-175466859182619
ClimateChange.SDG.KnowledgeHub.IISD;ClimateUNESCO;theIIED;UNCarbonMechs;ClimateHomeNews;IISDnews;Carbon-Tracker-389102984476793;SDG.KnowledgeHub.IISD;UNSDSN;UNREDDprogramme;youngoclimate;CDKNetwork;InternationalRivers;callforclimate;climateactiontr;IISDRS;unenvironmenteurope;futureearth.org;GCFOfficial
climatechangetheatreaction;thearcticcycle;SuperheroClubhouse;humanetechnology;artsandclimate;HumanitiesForTheEnvironment;SpiderWebShow;newplayexchange;DOCNYCfest;hereartscenter;VeraListCenter;ontappod;cjhopkins.author;theC4AA;thecpcp;ColumbiaClimateLaw;ThePaperHound;NewBooksAmStudi;resiliencejournal
ClimateChangingHeritage;AntiquityJournal;curatorswithoutborders;MinistryOfClimateChange;climatedefenders;CAforEarth;Pins.ne1;Earth-Fire-Water-Air-Elements-of-Climate-Change-487515678302797;Horrorhpod;Heritrust;Andrew-W-Mellon-Opportunity-for-Diversity-in-Conservation-100676078393459;supportourfirstresponders;elimkidschina;TheWhiteCastleAthy;ESRAGEasternNA;BlackTransAlliance;Earthrebirthnow;Village-7-farmers-Market-108708820870572;DandyLion-Rain-112324807139456
climateconcerns;GWandCC;Climate-Change-Working-Group-at-United-Nations-202727659788133;envissues;climate.edu;climate.change.crusade.org;CAKExchange;OnClimate;Effect-Of-Climate-Change-1189951081032559;ClimateCommunication;cloud7spruce;Pollution.problemms;Global-Warming-and-Climate-Change-469635253148107;Save-The-World-From-Effects-Of-Global-Warming-398539503832141;GlobalWarmingIssues;Water-Pollution-Forum-122361961141543;enviroawareness1801;GWENetwork;News-Articles-worth-reading-1039147766118325
Climate-debate-response-team-382162442600207;globalwarmingsolved;AboveClimateChange;AustralianClimateRealists;DrPeterRidd;RalphBAlexander;The-Australian-ANTI-Greens-158418580891970;FusionEnergyLeague;theunshackled;theSaltbushClub;AustralianConservativeAssociation;LittleHelenRazer;Heisesays;Anonykatz-III-451955138493628;GREEN-New-DEAL-300355393946420;perrispolitics;LNPnicklinsec;chesterfieldevans;LeftIsBestOz
ClimateExeter;FutureLearn;exeteruni;ClientEarth;Extinctions-Past-and-Present-1483416298367396;ClimateUNESCO;climateadaptation;languageshow;MECNExeter;Channel4News;SkepticalScience;XRRegenerationGame;uoepodcast;ExtinctionRebellion;XRExeter;fffexeter;Audio-language-courses-1707675379324383;pintsworld;everydoctor
climatehistory;EnvironmentSocietyPortal;HumanitiesForTheEnvironment;EurSocEnvHist;EnvironmentalHumanities;EnvHistJournal;Postcolonial-Ecologies-314077415297858;YaleEnvHum;SecretsofAntarctica;uwche;NewBooksEnvironment;NiCHE.Canada;SoilEcologySociety;futureearth.org;climatestoriesproject;CentreForEnvironmentalHistory;NewBooksIntellectualHistory;rachelcarsoncenter;PastGlobalChanges
ClimateHomeNews;carbonbrief;insideclimatenews;ClimateChange.SDG.KnowledgeHub.IISD;WWF;UNCarbonMechs;ClimateUNESCO;Carbon-Tracker-389102984476793;350.org;CANInternational;environmentguardian;EnvDefenseFund;citi;UNEPROAP;CDKNetwork;ForeignPolicyInFocus;ClimateOutreachCOIN;DailyClimate;nikewomen
climatehustle2;defenseoffreedom;1776-Project-100603284945666;LevinTV;thecounterjihad;RockItNewsNet;proamericanews;BlazeMedia;AgainstTheTideMovie;standunitedpetition;capitalresearchcenter;conservativealliancepage;CFACTCampus;WJMediaWatch;ObamasAmerica;thefederalistmovement;HuntersOfAmerica;DSouzaDinesh;AmerigeddonMovie
ClimateNews.ca;FoSClimateEd;ArcticMethaneEmergencyGroup;LordMonckton;HoaxMuseum;BigPicNews;makeuseof;worldnaa;OntarioNuclear;Steven-Haywood-Yaskell-407976212610290;ClimateDN;AboveClimateChange;MethaneNewsGroup;Lies-The-Truth-740874712980769;goldenricenow;ZebraFactCheck;OpenCollegePodcast;RocketSTEM
climatepower2020;washingtonpost;insideclimatenews;EcoWatch;AmericanProgressAction;latimes;SkepticalScience;smithsonianmagazine;truthout;SwingLeft;joebiden;AmyGoodman.DemocracyNow;iHeartClimateScientists;moyersandcompany;unionofconcernedscientists;BET;RoKhannaUSA;NBCBayArea;Earthjustice
ClimateUNESCO;UNCarbonMechs;unesco;ccacoalition;UNESCOyouth;unescocourier;CDKNetwork;IPCCScholarship;UNCCD;NESAWG;ClimateHomeNews;manandbiosphere;callforclimate;unepwcmc;ItalianFoodForever;Education-for-Sustainable-Development-Education-au-D%C3%A9veloppement-Durable-115988995086547;FitErin;worldbankpublications;efareport
cnbcinternational;cnbc;cnninternational;cnnbusiness;BusinessInsiderScience;BusinessInsider.Finance;CNBCMakeIt;BreakingNews;cnbccrypto;verge;usnewsandworldreport;CNBCTech;TechInsiderPresents;FastMoney;BloombergAsia;NYSE;forbes;cnbctv18india;yahoofinance
CNBCTech;cnnbusiness;CNBCMakeIt;bbctech;cnbc;BusinessInsider.Finance;wired;TechInsiderPresents;cnbccrypto;mashable;marketwatch;verge;apple;NASATechnology;venturebeat;Inc;FastMoney;cnbctv18india;Investopedia
cnnweather;TheWeatherChannel;cnninternational;CNNStateoftheUnion;CNNOpinion;timesandsundaytimes;cnnpolitics;CBSNews;CNNconnect;cnnsport;CNNFreedom;AccuWeather;CNNReliableSources;cnnbusiness;NOAAWeatherRadarLive;NWS;UNBiodiversityConvention;unitednationshumanrights;unep
ComingOutA50YearHistory;TilapiaFilm;rodentsofunusualsizedocumentary;50yearsofmustang;BurningSkiesRoA;GeorgetownLawAdmissions;WesternReligionTheMovie;RiseofAester;TheLibrarianAndTheBanjo;smokescreenmovie;sfhomeseller;djohn0809;ADifferentCornerMovie;bespeakbeheard;jckielantern;decadesofmylife90s;BLM-HEN-1487368518030559;seattlecanineclub;LAPDAuthor
Confucius-Says-131597044189;awo700;PhilosophersQuotes;confuciusquotes;philosophy.lightofknowledge;SunTzuStrategies;Confucius-quotes-of-the-day-460874334330265;philosophytochangelife;SocratesAuthor;Philosophy786;William-Shakespeare-quotes-328840110883566;philosophyoftruth;hiddencauses;GreekPhilosophers;EuropeanCommission;Facts-and-Knowledge-of-Psychology-961253063896093;confucious928;Todays-Psychology-1677339545831027;Philosophy-Quotes-163546807039099
conservation.intl;WWF;worldwildlifefund;TheWCS;RainforestAlliance;AfricanWildlifeFoundation;iucn.org;NationalWildlife;wildnet;unep;EarthDayNetwork;natgeotravel;WWOOF;CLPawards;IUCNRedList;SaveTheWhalesCA;faunaflora;earthhour;nrdc.org
conservativevoice.ca;TRUEC.A.I;OneNationOneCanada;harperconservatives;yukonconservative;CPCOVPCC;ConservativeCalifornia;DefendDemocracyCanada;FredDeLoreyCPC;oncanadacampaign;vaneastCPC;Blacklocks-Reporter-111413249014270;AnthonyFureyWriter;workingcanadians.ca;canadalandcommons;CharlottetownConservatives;AndrewLawtonMedia;weryoungconservatives;Walter-Pamic-872285109504362
CourageousConservativesPAC;tedcruzpage;LevinTV;PeopleForBernie;brentbozell;conservativeledger;conservativealliancepage;conservativepoliticstoday;TheGuardiansOfDemocracy;TULSATRUMPPENCE2020;repjimjordan;TheLiberalVoiceOfReason;Conservative-Republican-Women-234428156573988;TeaPartyStandUp;RealTexasCurtis;cruztothewhitehouse2016;blackconservativecaucus;ConservativeWomenUSA;StumpforTrump2020
DailyClimate;insideclimatenews;SkepticalScience;EcoWatch;EHN.org;EnvironmentalAction;ClimateHomeNews;climatesolutions;WorldMeteorologicalOrganization;WorldOceanObservatory;smithsonianmagazine;ClimateState;TheEnnNews;planetizen;EarthPicUSRA;EForensicsMagazine;theclimatedesk;iHeartClimateScientists;WoodinvillePatch
DavidAustinFrench;The_Dispatch-105561217523274;JonahJGoldberg;NancyAndersonFrench;againsttrumpismandextremism;ekoocwcselrahc;mrctv;humaneventsmedia;episcopalian;nationalreview;eric.metaxas;christiannews.net;secureamericanow;DrThomasSowell;therickwilson;rebirthoffreedom.org;Newsiosity;TheBulwark;RealBrigitteGabriel
DeSmogBlog;SkepticalScience;insideclimatenews;earthworksaction;CenterforBioDiv;climatepower2020;EcoWatch;DeSmogUK;iHeartClimateScientists;thenarwhalca;yearsclimatefacts;350.org;YearsOfLiving;CitizensClimateLobby;CounterPunchOrg;crankyuncles;rahmstorf;ClimateHomeNews;theclimatedesk
DonaldTrump;
%E1%88%8E%E1%88%AC%E1%89%B5-%E1%8D%80%E1%8C%8B%E1%8B%AC-%E1%8C%88%E1%89%A5%E1%88%A8-%E1%88%98%E1%8B%B5%E1%88%85%E1%8A%95-271243023615527;FunsAndInfo;Alekagebrhana;%E1%8A%A0%E1%8A%95%E1%8B%B5-%E1%8C%88%E1%8C%BD-488975078575697;%E1%8A%A8%E1%88%B3%E1%8B%AD%E1%8A%95%E1%88%B5-%E1%88%9B%E1%88%85%E1%8B%B0%E1%88%AD-222131495039531;%E1%88%9B%E1%8A%95%E1%89%A0%E1%89%A5-%E1%88%99%E1%88%89-%E1%88%B0%E1%8B%8D-%E1%8B%AB%E1%8B%B0%E1%88%AD%E1%8C%8B%E1%88%8D-481659928701268;1wisdom1;Information.science.and.Technology;%E1%8B%A8-%E1%88%85%E1%8B%AD%E1%8B%88%E1%89%B5-%E1%8D%8D%E1%88%8D%E1%88%B5%E1%8D%8D%E1%8A%93life-philosophy-415494148986792;%E1%88%8E%E1%88%AC%E1%89%B5-%E1%8D%80%E1%8C%8B%E1%8B%A8-%E1%8C%88%E1%89%A5%E1%88%A8-%E1%88%98%E1%8B%B5%E1%88%85%E1%8A%95-686327608152311;%E1%8B%A8%E1%88%B5%E1%8A%90-%E1%8D%81%E1%88%91%E1%8D%8D-%E1%88%9D%E1%88%BD%E1%89%B5-301793737095555;oshoMan2018;Philosophy-%E1%8D%8D%E1%88%8D%E1%88%B5%E1%8D%8D%E1%8A%93-898492056981955;DoctorTenaEthiopia;Tarikawifotowoch;%E1%88%9B%E1%8A%95%E1%89%A0%E1%89%A5-%E1%88%99%E1%88%89-%E1%88%A0%E1%8B%8D-%E1%8B%AB%E1%8B%B0%E1%88%AD%E1%8C%8B%E1%88%8D-1136472886378018;%E1%88%B5%E1%88%88-%E1%8C%A4%E1%8A%93%E1%8B%8E-%E1%88%9D%E1%8A%95-%E1%8B%AB%E1%8B%8D%E1%89%83%E1%88%89-General-knowledge-910585735677691;%E1%8A%A2%E1%89%B5%E1%8B%AE%E1%8C%B5%E1%8B%AB%E1%8B%8A%E1%8B%89-%E1%8A%A6%E1%88%BE-590426224408703;%E1%8C%A0%E1%89%83%E1%88%9A-%E1%8A%A0%E1%89%A3%E1%89%A3%E1%88%8E%E1%89%BD-375797645944843
Earth-Uprising-106427537392423;Re.EarthOrg;JamieSaraiMargolin;youthvgov;thefuturecoalition;xryouthus;fffdigital;FridaysForFutureUSA;eldersclimateaction;Mason4C;PeoplesPolicyProject;climatestrikeoh;OneMillionOfUs;zerohourmvmt;Edgar-Payne-156971560988742;labor4sustainability;XRJustice;WilliamIRobinsonSociologist;fffsac
EconomicUpdate;RichardDWolff;OnContactRT;AmyGoodman.DemocracyNow;democracynow;Noam-Chomsky-294468630182;TheEmpireFiles;Truthdig;theleftforum;jacobinmag;wagingnonviolence;CounterPunchOrg;drcornelwest;usworker;WikiLeaksNews.co;BlackSocialists;AjamuBarakaVP;ralphnader;InstituteForAnarchistStudies
EcoWatch;YearsOfLiving;greenpeaceusa;unep;TheEcologist;smithsonianmagazine;PopSci;insideclimatenews;Earthjustice;greenmattersmedia;senatorelizabethwarren;newscientist;Upworthy;ewg.org;EnvDefenseFund;truthout;RBReich;onegreenplanet;Foods-That-Heal-1633737310236714
EducationCauses;HumanRightsCauses;Education.comFanPage;WomensRightsCauses;DisasterReliefCauses;InternationalDevelopmentCauses;breastcancerjustice;educativeinc;KeeptheArtsinPublicSchools;FarmVille;Mathematicsquestions;StudyintheStates;BCP100;OrphanAid-Africa-153013911390026;Vocabulary-294066270604283;EnglishEducationNewstand;Education-1188102604638449;Future-Doctors-Group-118259468199836;MiniCarParts
Effect-Of-Climate-Change-1189951081032559;Save-The-World-From-Effects-Of-Global-Warming-398539503832141;cloud7spruce;climate.change.crusade.org;GlobalWarmingIssues;KISZUO;ClimateChangeImpact;Debate.org;Environmental-Health-112102613484455;The.Respiratory.System;Global-Warming-and-Climate-Change-469635253148107;Collage-Making-117933184976934;UDTSPOFFICIAL;biodiveristymeanslivingtogther;Pollution.problemms;GlobalWarmingTimes;Why-is-important-128497685375854;Build-Your-Knowlege-110088547530149;trivianoggin
Ekklesia2520;Dave-Hunt-Appreciation-Page-281219575246069;TheUnknownProphets;Faith-Bible-Broadcast-Network-100666544658958;The-Graph-Gods-Hidden-Time-Line-1228398080536386;RTN-TV-100337131702677;commonwealthofisraelfoundation;nolongerlukewarm;Ignited-Church-Lavonia-136924766752377;MordehayDarwish;chsblessingbox;The-Braselton-News-95057957038;RiseOfTheLittleHorn;paradigmpeak;Conservative-Republicians-for-Bernie-Sanders-408664909341456;southfloridafortulsi;TruthPursuitDWC;onebodylife;wrathbooks
elsevierforensics;elsevierfoodscience;forensicpsychologyonline;forensicfield;ldminds;ForensicResearch;AAFS.org;factsynk;elsevierbiomedchem;theiai;NatBiotechnol;elsevierenvironment;elsevier.materials;csi.network1;ResearchGate;elseviernature;ForensicScienceInstitute;DeepLearningAI;ElsevierChemEng
EndCitizensUnitedPAC;moderatesforbernie;ElizabethWarren;senatoralfranken;SwingLeft;justicedemocrats;NationalProgressiveParty;PeopleForBernie;citizensforethics;DFAaction;pactothefuture;StopTrumpPAC;letamericavote;RepublicansRuleofLaw;RBReich;senatorelizabethwarren;ChristiansPrayForObama;supportdemocrats;USdems
Energy.Citizens;theconservative.news;AmericanEnergyAlliance;NRCC;PowerTheFuture;NCOAging;TexansforNaturalGas;fwdus;eesionline;TheAmericanPetroleumInstitute;fightback;the.conservative2;hotaircom;RandPaul;DonaldTrump;unionplus;cnsnewscom;IMConservative;PowerPastImpossible
enfocatuvida;Anel-F%C3%A9lix-Taekwondo-445870185821000;lennavfx;ShaileeBoutique;purplebowstore;HugoBecerraMRacing;seanferrickwriting;PBLmx1;Alternative-Kids-146747638672961;Clinicanye;Ana-Zulema-Ib%C3%A1%C3%B1ez-1176557209171839;abrahamvazquez19;VyMproducciones;Compu-Servicios-159392764075131;flyinghighclothing;jennibaezg;Zicazteca;Beautyclaymx;dimeloconemocion
EnvDefenseFund;Earthjustice;greenpeaceusa;unionofconcernedscientists;worldwildlifefund;TheWildernessSociety;nrdc.org;ewg.org;DefendersofWildlife;foe.us;CenterforBioDiv;EcoWatch;LCVoters;wildlifeaction;EnvironmentalAction;NationalWildlife;FoodandWaterWatch;nrdcactionfund;RockyMtnInst
EnvironmentandClimateChange;EnvironmentandNaturalResourcesinCanada;ParksCanada;natureconservancy.ca;EnvironmentCanadaWeather;FisheriesOceansCanada;EnvironnementetressourcesnaturellesauCanada;NatureCanada;CanadianInnovation;YourGovernmentatWork;pharma.bayer;cangeotravel;birdscanada;thenational;AmericanBirdConserve;EndangeredEcosystemsAlliance;ctvbcnews;McKenna.Ottawa;FishWildlifeON
Ethiopian-Environment-and-Forest-Research-Institute-EEFRI-1423042431341019;Ethiopian-Biodiversity-Institute-EBI-1635406753365904;EIARPR;MefEth;EthiopiaATA;ANRS-Environment-Forest-and-Wildlife-Protection-and-Development-Authority-1839528946325352;Ministry-of-Environment-Forest-and-Climate-Change-763630053688334;Amhara-Agricultural-Research-Institute-ARARI-357803487569964;Reddethiopia;MoAEthiopia;Wondo-Genet-Agricultural-Research-Center-Center-of-Excellence-AMBe-Plants-400735503370495;edriethiopia;EthiopiaPSSSA;EthiopiaMoWCY;tuorismcultureethiopia;EthiopianRedCross;%E1%8B%A8%E1%8A%A2%E1%8A%96%E1%89%AC%E1%88%BD%E1%8A%95-%E1%8A%A5%E1%8A%93-%E1%89%B4%E1%8A%AD%E1%8A%96%E1%88%8E%E1%8C%82-%E1%8A%AD%E1%88%8B%E1%88%B5%E1%89%B0%E1%88%AD-Innovation-and-Technology-Cluster-286674745403963;ForumForEnvironment;Climate-Change%E1%8B%A8%E1%8A%A0%E1%8B%A8%E1%88%AD-%E1%8A%95%E1%89%A5%E1%88%A8%E1%89%B5-%E1%88%88%E1%8B%8D%E1%8C%A5-1411444352488369
Everytown;obamafoundation;stacey.abrams.77;OcasioCortez;ElizabethWarren;joebiden;giffords;SandyHookPromise;CoalitiontoStopGunViolence;MadamPresidentProject;PlannedParenthood;DonaldTrump;senatorelizabethwarren;PlannedParenthoodAction;aclu;raremedia;jonathan.vanness;bradycampaign;OccupyDemocrats
extremweatherworldd;
flatearthnewsreports;
FluorideActionNetwork;nongmoproject;millionsagainst;justlabelit;GMOTruth;responsibletechnology;stopforcedfluoridation;GMOFreeUSA;organicconsumers;MercuryFreeDentistry;NYSFluoridation;MomsAgainstFluoridation;SustainablePulse;FluorideFreeNewZealand;returntonow.net;TheOrganicPrepper;doctor.health;foodrenegade;fanaustralia
forestcarbonpartnershipfacility;globalcanopyorg;JapaneseCooking101;forestpeoplesprogramme;KoreanFoodandCooking;forestsdialogue;CIFORforets;OpenForis;Carbon-Market-Watch-280090018702594;UNREDDprogramme;ForestTrends;SCB.ICCB;Fermented.Foods.and.Probiotics;WildlifeWorksREDD;soilsolution.org;AFRfood;zerowasteclubuk;programonforests;greentumble
FoSClimateEd;RealClearScience;therebeltv;actuallyscience;scitechdaily;OilSandsAction;Dr-Jordan-B-Peterson-337412923333272;QuilletteM;TaxpayerDOTcom;brianlilley;americanspectator;TheNewAmerican;ChristinaHoffSommersAEI;humaneventsmedia;ABBlueSkies;debunkinc;MercatorNet;YaleProgramOnClimateChangeCommunication;ScienceSprings
ganjagirls;WeedGirlsOfficial;girlsluvmirrors;ganjachicks;Sundry008;lechematernaoffcial;reggaerootsganjagirls;officialfanpagetv;sexyparaguaya;ismygirldotcom;tightsloverspage;OfficialEricaFett;LadiesLumps;ganjanews;gotavat;iDam2001;ValeNappi150;ganjaawoman;Fanstories-405886873586526
Global-Change-Biology-119917444749361;Functional-Ecology-191434893893;esa.org;JAppliedEcology;ecographyjourna;journalofecology;methodsinecologyandevolution;AnimalEcology;living.anthropologically;Tree-Physiology-112032212203909;SoilEcologySociety;SocietyforEcologicalRestoration;BioDataJournal;oikosjournal;AnthroMag;neuroanthro;behecol;NewPhytologist;natecolevol
Global-Warming-and-Climate-Change-469635253148107;GlobalWarmingIssues;GlobalWarmingTimes;GWandCC;envissues;Pollution.problemms;Climate-change-106270864509676;English-communication-105025371030260;environmental.issues.global;Save-The-World-From-Effects-Of-Global-Warming-398539503832141;SaviorsofEnvironment;Origin-of-Life-293514407692658;chet.sokha;climate.change.crusade.org;fightairpollution;writemyacademicessay
GlobalWarmingIssues;Global-Warming-and-Climate-Change-469635253148107;Save-The-World-From-Effects-Of-Global-Warming-398539503832141;Pollution.problemms;GWFOTD;Water-Pollution-Forum-122361961141543;cloud7spruce;What-is-pollution-How-to-stop-polluting-1888464194578221;GlobalWarmingTimes;GWandCC;Environmental-Health-112102613484455;alpinewaladream;Russian-president-Vladimir-PUTIN-Donald-TRUMP-1588345714807098;HUMAN-BODY-COOL-FACTS-543771522399290;KISZUO;Newtons-Laws-of-Motion-161286707347668;factsandops;ClimateChangeResearchCentre;chet.sokha
GOPUSA;BobbyEberle13;conservativepoliticstoday;mrctv;conservativeledger;Federalist.Society;secureamericanow;FreeBeacon;JudicialWatch;theACLJ;USNewsbyWJ;TeamTwitchy;GOPconvention;ThePoliticalInsider;WesternJournal;RightSideNewsUS;politics246;StumpforTrump2020;Newsiosity
GreenNewDeal;IlhanMN;OcasioCortez;repAOC;gretathunbergsweden;RepIlhan;RepRashida;AOC-2020-801516123522849;GetMedicareForAll;LeonardoDiCaprio;RBReich;Noam-Chomsky-294468630182;justicedemocrats;USdems;joebiden2020northwestmichigan;LowerDrugPricesNow;RoKhannaUSA;sunrisemvmt;MillennialMajorityNow
GreenpeaceBrasil;WWF;WWFBrasil;unep.pt;ONUBrasil;onumulheresbrasil;ministeriomeioambiente;ICMBio;autossustentavel;cruzvermelhabrasileira;aguasualinda;PortalPensamentoVerde;coletivoverde;ProtecaoAnimalMundial;anistiainternacionalbrasil;drauziovarella;siteprojetocolabora;Superinteressante;institutosocioambiental
greenpeace.de;bund.bundesverband;fridaysforfuture.de;foodwatch;PETADeutschland;AmnestyDeutschland;WWF;fairtrade.deutschland;campact;Naturschutzbund;seawatchprojekt;robinwood.ev;B90DieGruenen;abgeordnetenwatch.de;Marktwirtschaft;Tierschutzbuero;ExtinctionRebellionDeutschland;umwelthilfe;greenpeacemagazin
greenpeacepicdesk;Greenpeace.Esperanza;Greenpeace.Rainbow.Warrior;Greenpeace.Arctic.Sunrise;greenpeaceusa;iucn.org;earthworksaction;GreenpeaceAfrica;greenpeace.canada;amnestyusa;peoplevsoil;foe.us;TreesfortheFuture;greenpeaceindia;AIDAorg;nrdc.org;FoodandWaterWatch;newhandsondeck;polardefenders
Greenpeace.Rainbow.Warrior;Greenpeace.Esperanza;greenpeaceusa;Greenpeace.Arctic.Sunrise;greenpeace.canada;peoplevsoil;greenpeaceuk;greenpeace.nz;GreenpeaceAfrica;greenpeaceindia;WWF;greenpeace.belgium;worldwildlifefund;TheLancetMedicalJournal;foeint;greenpeacefrance;greenpeacenorge;GreenpeaceAR;polardefenders
greenpeaceusa;worldwildlifefund;WWF;greenpeace.canada;peoplevsoil;TheWildernessSociety;unep;Earthjustice;nrdc.org;foe.us;DefendersofWildlife;greenpeacenederland;onegreenplanet;greenpeacedanmark;organicconsumers;firedrillfriday;EdReports;GreenpeaceAfrica;yourethecure
gretathunbergsweden;michelleobama;barackobama;OcasioCortez;joebiden;JustinPJTrudeau;malalayousafzaiclub;LeonardoDiCaprio;Greta-Thunberg-Memes-100304111377683;drjordanpeterson;AltUSNationalParkService;IlhanMN;berniesanders;KamalaHarris;Simon-Helberg-128767097197216;patrickstewart;jacindaardern;thelincolnproject.us;RandyRainbowOfficial
GunCultureWorld;NRA;Ill-go-ahead-and-keep-my-guns-Thanks-791543660926838;AmericaHeckYeah;DailyWire;TomiLahren;aviationwings1;whartonexeced;GoldenEaglesZillertal;Society4ConBio;mitadtuniversity;CrewOperations;ryan.cleckner;Hefeicity;TheCEBUPage;SavingOceans.Org;hamburgeriet;RELeeCamp1640;SouthernFriedScience
GWandCC;Save.P.Earth;Save-The-World-From-Effects-Of-Global-Warming-398539503832141;envissues;GWFOTD;ESECommunity;environmental.issues.global;GlobalWarmingTimes;Pollution.problemms;Water-Pollution-Forum-122361961141543;thelivingplanetandclimatechange;ajerpk;mypageonclimatechange;Astrobiology-Too-1723627427899138;Abiogenesis-Hall-of-Fame-138681233223461;enviroawareness1801;FengShuiFoon;ABio402-Evolution-SUNY-Albany-603284613174425;joneseyre
GWFOTD;GlobalWarmingYouandI;insideclimatenews;ClimateState;iHeartClimateScientists;GWandCC;denial101x;speculativeFiction;deutschewellenews;thesuntoday;jimehansen;SkepticalScience;ceprDC;StationCDRKelly;MichaelMannScientist;cnninternational;WorldPopulationBalance;skynews;arirangtvnews
hangthebankers;
hatingbreitbart;deneen.borelli;Restoring-America-with-Sarah-Palin-247837268595327;theconservative.news;ConservativeAngle;reaganmovie;NRCC;IMConservative;danielluskoimagination;MovietoMovement;Guns-Gun-Control-and-the-Second-Amendment-317896768330234;AmerigeddonMovie;DefendLiberty1776;Breitbart;NoSafeSpacesMovie;gungrabbers;ProjectVeritas;specialoperationsspeaks;IAmAConservativeWoman
HeartlandInstitute;aei;Federalist.Society;michelebachmann;StoppingSocialism;fightback;ifpri.org;independentinstitute;middleeastinstitute;AmericanEnergyAlliance;marklevinshow;AmericanMajority;CityJournal;commentarymagazine;ManhattanInst;publici;CitizensUnitedDC;iwpresearch;claremontinstitute
HeartlandInstitute;aei;Federalist.Society;michelebachmann;StoppingSocialism;fightback;independentinstitute;middleeastinstitute;ifpri.org;marklevinshow;AmericanEnergyAlliance;AmericanMajority;CityJournal;commentarymagazine;ManhattanInst;publici;CitizensUnitedDC;iwpresearch;claremontinstitute
hiddencauses;philosophyloveofwisdom;philosophy.lightofknowledge;TheologyAndPhilosophy;PhilosophersQuotes;GreekPhilosophers;awo700;philosophytochangelife;Philosophy786;philosophyoftruth;Philosophy-Quotes-163546807039099;PhilTheoMemes;Philosophical-quotes-324885624545433;Todays-Psychology-1677339545831027;AncientPhilosophySociety;Inside-The-Brain-225229984238465;TheCynicOfAntiquity;Philosophy-And-LIFE-1871639989726573;fiveminutephilosophy
historyguy.com.website;allnations.realhistory;comicbooksuperheroes;historyunknown;LordDampnut;Cass.Tell.Author;NewBooksSecularism;SLFMFO;Goastbetshop-103819361440319;War-and-Conflict-Journal-557689257647711;DriveByHistory2;HHHSELECT;Journal-of-Archaeology-and-Education-1217319288315622;Common-Sense-For-America-1463919993888719;ArtByDommer;Jon-Dyer-Networking-With-a-Purpose-227309950668630;ModelMakersOrg;exogeologyROCKS;AuthorHelenHaughtFanick
HooverInstStanford;JudicialWatch;UncKnowledge;heritagefoundation;aei;DrThomasSowell;theusawire;fdrlst;LessonsFromMilitaryHistory;Conservative-Twins-103242164797988;mises.institute;ConservativeNewsDly;ThomasSowellSociety;Federalist.Society;ManhattanInst;DonaldTrump;CityJournal;claremontinstitute;realrudygiuliani
HugoBecerraMRacing;19DiegoOrtiz;CuartoDePaz;Oscar-Vampiro-Ruiz-391565047554588;rodrigorejonofficial;xavi.razo47;DelphosKids;TrucksMexico;YRMotorsportMX;JuanPuigMMA;AaronOsoCosio;seanferrickwriting;SuperCopaMex;JacoboCosio;TheRaceTailor;itzelarroyoa;The-Great-British-Grooming-Co-MX-678862478981249;Nimex-Intelligence-108692034046471;IDEAS-Y-DISENOS-Sandra-Correa-331254233555425
humaneventsmedia;Reason.Magazine;michelebachmann;mrctv;heritagefoundation;RedStateBlog;CityJournal;JamesOKeefeAuthor;hotaircom;DavidAustinFrench;ForAmerica;TeamTwitchy;TheDailySignalNews;TheStream.org;americanspectator;mediaresearchcenter;HumanProgress.org;fdrlst;newsbusters
HumanProgress.org;OurWorldinData;FreeToChooseNetwork;aierdotorg;Stevenpinkerpage;drjordanpeterson;Libertarianism.org;CatoCMFA;heterodoxacademy;Reason.Magazine;BBCScienceNews;mises.institute;jonathanhaidt;daverubin;BloombergAsia;QuilletteM;CatoTrade;physorg;petersonphilosophy
hypothalamus.of.life;BiosapienSingh;AppliedChemistrySociety;altaf1237;chemistry1234567;ChemistryandChemicalScienceJournals;General-Science-397798874400806;realbiology;Plant-Cell-100198490041488;scienceonpdf;Motivation.Inspired;mehedi9609722408;botanytheplantworld;Newtons-Laws-of-Motion-161286707347668;BIOLOGY-WORLD-338131143060983;TopBestFriendsForever;itsBiology;science2608;physiolrev
iHeartClimateScientists;insideclimatenews;climatepower2020;SkepticalScience;350.org;OilChangeUS;unionofconcernedscientists;katharine.hayhoe;DailyClimate;TarSandsBlockade;evolution.ncse;CounterPunchOrg;jimehansen;environmentalcoffeehouse;MichaelMannScientist;FAIRmediawatch;nexusmedianews;mediabiasfactcheck;NewsCorpse
IMConservative;
inconvenientfacts.xyz;FoSClimateEd;thunderboltsproject;LordMonckton;AboveClimateChange;RealityCheckWithBenSwann;TheNewAmerican;FromTheCompanyOfShadows;theskepticsguide;BatsCatsandHats;RalphBAlexander;FabiusMaximusWebsite;redpilluniversity;jmiltimore;spartareport;mrctv;Pennsylvania-Coalition-for-Responsible-Government-136241923085699;thisiscommonsense;Crticus
inconvenientfacts.xyz;FoSClimateEd;thunderboltsproject;LordMonckton;AboveClimateChange;RealityCheckWithBenSwann;TheNewAmerican;FromTheCompanyOfShadows;theskepticsguide;BatsCatsandHats;RalphBAlexander;FabiusMaximusWebsite;redpilluniversity;mrctv;jmiltimore;spartareport;Pennsylvania-Coalition-for-Responsible-Government-136241923085699;thisiscommonsense;Crticus
industrialprogress;AynRandOrg;thepursuitofenergy;DontLetItGoUnheard;AynRandInstitute;HumanFlourishingProject;ybrook;kirapeikoff;ellen.kenner;StopBlamingCapitalism;iamelanjourno;mothersfornuclear;redpilluniversity;Cordair;AnthemBook;radiationeffects.org;maryjruwart;PowerHourWithAlexEpstein;CFIndividualism
Information.science.and.Technology;ITwindowOFgss;%E1%88%8E%E1%88%AC%E1%89%B5-%E1%8D%80%E1%8C%8B%E1%8B%AC-%E1%8C%88%E1%89%A5%E1%88%A8-%E1%88%98%E1%8B%B5%E1%88%85%E1%8A%95-271243023615527;EthioScienceInformer;DoctorTenaEthiopia;AradaTv5;Doctor-Alle-%E1%8B%B6%E1%8A%AD%E1%89%B0%E1%88%AD-%E1%8A%A0%E1%88%88-8809-2232169277030605;Drbeza;mameamin.6te.net;%E1%8A%A8%E1%88%B3%E1%8B%AD%E1%8A%95%E1%88%B5-%E1%88%9B%E1%88%85%E1%8B%B0%E1%88%AD-222131495039531;EBCzena;mertemetatefoche;Betty-Abrham-Eritrean-Beauty-100168588548804;hakimbet.et;oromiyan.ko;Dessie-Tossa-Radio-%E1%8C%A6%E1%88%B3-%E1%88%AC%E1%8B%B2%E1%8B%AE-%E1%8B%B0%E1%88%B4-459923207882541;1wisdom1;%E1%8B%B5%E1%88%9D%E1%8C%BB%E1%8B%8A-%E1%8B%AE%E1%8A%93%E1%89%B3%E1%8A%95-%E1%8A%95%E1%89%A5%E1%88%A8%E1%89%B5-118900269953825;DrHaileleulMD
insideclimatenews;ClimateHomeNews;EcoWatch;SkepticalScience;Carbon-Tracker-389102984476793;SocietyOfEnvironmentalJournalists;EnvironmentalAction;iHeartClimateScientists;DeSmogBlog;NOAAClimateGov;climatesolutions;DeathSalon;MichaelMannScientist;TheAmericanProspect;OilChangeUS;NPRinvisibilia;replyallpodcast;justicedemocrats;cultofweird
IntersectionalJustice;NPSClimateChange;HoneyIShrunkTheCis;TheFeministWire;RacialEquityTools;learningwithoutschool;TheLeftSideOfFeminism;AllAboutMLB;zerowasteclubuk;intersectionalitymatterspodcast;Jessica-R-Durling-549800225039203;feministsIFNO;sweetbeanscomix;FreeYourMindandThink;greenlivingworld;counselorsforsocialjustice;AccessForce;soilsolution.org;kat.blaque.5
IPCC;WorldMeteorologicalOrganization;unep;CANInternational;SustDev;IPCCScholarship;OurWorldinData;UnitedNationsWater;UNCarbonMechs;IPBES;carbonbrief;callforclimate;NOAAClimateGov;UNDP;UNBiodiversityConvention;cnnweather;NOAA;C40Cities;350.org
IPCCScholarship;UNCarbonMechs;uncclearn;Scholarships-for-International-Students-619921101435700;collegescholarshipsusa;WorldMeteorologicalOrganization;bestglobalscholarships;scholarship977;ccacoalition;scholarshipfellow;InternationalScience;InternationalWaterAssociation;scholarscareers;UNREDDprogramme;unep;asmscholarships;scholarcorner;IUCNForest;clivar
isappscience;WorldMicrobiomeDay;CMIdigest;SEMiPYP;microbiverse;isappsfa;mynewgut;MicrobiomeDietGutFlora;LoveBugProbiotics;new-message-oh-its-you-fck-off-101429363266674;NPSClimateChange;Pumping.Frank.Metzler;Pharmabiotic;GutMicrobiotaWW;learn.korean;thearashrahbar;PostHoneycomb;DiabetesMealPlans;plantbasedmag
isthereglobalcooling;thegrandsolarmini;Miniiceage;globalwarmingsolved;oppenheimerranch;FoSClimateEd;ClimateFeedback;americanspectator;TheNewAmerican;ClimateDN;PDFsSavingTrees;4thGenerationBlog;thebigwobble;FrankGaffney4;ClimateChangeNetworkUS;lindseywilliamsonline;AboveClimateChange;ScienceFeedback;thedailybellnews
iucn.org;IUCNRedList;iucnrle;WWF;IUCNForest;unep;UNBiodiversity;UNBiodiversityConvention;TheWCS;RamsarConventionOnWetlands;iucn.asia;saveourspecies.org;theOECD;Smithsonian;cites;faunaflora;ifaw;IUCNMed;trafficnetwork
iucnrle;iucn.org;IUCNRedList;WWF;cites;UNBiodiversityConvention;TheWCS;saveourspecies.org;IPBES;IUCNForest;UNBiodiversity;IUCNssc;faunaflora;RamsarConventionOnWetlands;ConservationPlanningSG;iucn.asia;IUCNMed;UNEPROAP;natecolevol
JamesLouisBruno;Tosca5Oaks;AuthorRhettBruno;samuelshemboston;Patrick-Lewis-595092604204409;Seminole-Club-of-Syracuse-265016446857681;VictorTanChen;James-Michael-Bruno-Author-1705170566406938;markcarollaconsulting;stephen.j.groak;Author-EJ-Sobetski-163034607834966;waljournal;MoynihanInstitute;RonFordFilm;AuthorSGH;Three-Rivers-Inn-109922102388048;maxwellmafia;ActorBrunt;payneresilience
JenniferMarohasyOfficialPage;DrPeterRidd;inigo360;theSaltbushClub;BigPicNews;Australian-Debt-Clockcomau-247563895265939;realsolarcycles;colbeckrichard;AdamBandtMP;AustralianPoliticalReview;TimWilsonMP;Inst.ofPublicAffairs;pickeringpost;adamseconomics;supercars;PaulineHansonAu;mannwestWA;SenatorCFW;betootaadvocate
joebiden;barackobama;KamalaHarris;michelleobama;DonaldTrump;AlbertEinstein;POTUS;Transition46;electionsobsessed;ABCWorldNewsNow;hillaryclinton;senatorelizabethwarren;ABCNewsPolitics;democrats;NancyPelosi;ElizabethWarren;DrJillBiden;washingtonpost;IvankaTrump
JSTORDaily;JSTOR.org;LondonReviewOfBooks;nytbooks;AeonMagazine;ALDaily;lareviewbooks;modernlanguageassociation;theconversationUS;DirectoryofOpenAccessJournals;parisreview;ElsevierConnect;lithub;AmericanAstronomicalSociety;CulturalAnthropology;PublicDomainReview;artstor;atlasobscura;amusingplanet
justrealfacts;USInterior;heritagefoundation;JudicialWatch;HooverInstStanford;UnbiasedAmerica;TheBabylonBee;imprimis;AnswersInGenesis;AmericanThinker;memepoliceman;DeJustFacts;AstronomyMagazine;WeAreCapitalists;AllianceDefendingFreedom;futureoffreedom;freethepeople;ClubforGrowth;yaliberty
lawyerscommitteefor911inquiry;TruthandShadows;The-CIA-as-Organized-Crime-1587839774800006;Richard-Gage-243722702368289;unthinkabletruth;Association-for-Nine-Eleven-Truth-Awareness-298355016849714;greekstraycats;USS-Liberty-Veterans-Association-261154237338986;peterdalescott;PSCspeaks;Victims-and-Family-of-Judicial-Corruption-181597185231103;TheCornerNoteCafe;911truthoutreach.org;KnightsofDivineMercy;agdmovie;GriffinGEdward;wtc7pulled;moscowreport;TheDailySocialist
LiveScienceT;OurAmazingPlanet;livescience;thepatent.news;extremetechdotcom;LiveScienceVideo;wiredscience;leparisien.etudiant;DigitalSynopsis;didyouknowqa;ilbrevetto.news;LiveScienceH;RealClearScience;PhysicsToday;StudentALevelProblems;techspot;diyprojectsworld;newscientist;FastCoDesign
LordMonckton;europeanteaparty;globalwarmingsolved;END-the-FED-149818338853;InfoWarriorWithJasonBermas;AustralianNationalReview;RK-Hendrick-201476179871471;TruthandShadows;noteviljustwrong;BigPicNews;fans.adamdodson.org;Halt-Copenhagen-until-CLIMATE-GATE-has-been-fully-INVESTIGATED-336459475181;CFACTCampus;redpilluniversity;CharlieWNash;LeeHarveyOswaldWasInnocent;DeprogrammedPodcast;AboveClimateChange;O-ba-MAGA8-104756594574943
Make-California-Great-Again-Inc-Latinos-for-Trump-Nevada-County-269551113821000;Make-California-Great-Again-Inc-Latinos-for-Trump-Santa-Cruz-County-420867265091174;Make-California-Great-Again-Inc-Latinos-for-Trump-Humboldt-County-433466743805006;Make-California-Great-Again-Inc-Latinos-4-Trump-Butte-County-270858037040369;Make-California-Great-Again-Inc-Latinos-for-Trump-Marin-County-293404508070771;Make-California-Great-Again-Inc-Latinos-for-Trump-Monterey-County-216227245636798;DemocratsForTrump;Make-California-Great-Again-Inc-Latinos-for-Trump-San-Bernardino-County-446267745852375;Make-California-Great-Again-Inc-Latinos-for-Trump-Imperial-County-229605417681544;Make-California-Great-Again-Inc-Latinos-for-Trump-Plumas-County-347331679138216;Make-California-Great-Again-Inc-Latinos-4-Trump-Alameda-County-185676252304092;Make-California-Great-Again-Inc-Latinos-for-Trump-Shasta-County-265741934210882;Make-California-Great-Again-Inc-Latinos-for-Trump-Santa-Clara-County-294613201285829;Make-California-Great-Again-Inc-Latinos-for-Trump-Santa-Barbara-County-430302847477369;Make-California-Great-Again-Inc-Latinos-for-Trump-Glenn-County-265522960708182;Make-California-Great-Again-Inc-Latinos-for-Trump-Mendocino-County-267628737168746;Make-California-Great-Again-Inc-Latinos-for-Trump-Inyo-County-216877892353639;Make-California-Great-Again-Inc-Latinos-for-Trump-San-Luis-Obispo-County-396225290904240;Reopen-California-Rebuild-the-Economy-Return-to-Constitutionalism-110309937325909
markbloodylatham;PetaCredlin;RitaPanahiColumnist;theboltreport;MarkLathamsOutsiders;PaulMurrayLIVE;thisblokeisaprick;SenatorJimMolan;TonyAbbottfanpage357magcurespedos;JacintaNampijinpaPrice;hastieandrew;skynews;Andrew-Bolt-Supporters-Page-191407230906121;chrisjamesfordunkley;theunshackled;JacintaNPrice;Aussies-against-political-corruption-and-lies-187641714610377;BernardGaynorBlog;AustralianPoliticalReview
marklevinshow;
Mason4C;ClimateCommunication;YaleProgramOnClimateChangeCommunication;ClimateAccess;docsforclimate;climatesciencewatch;YaleEnviro360;centerforenvironmentaljournalism;YaleClimateConnections;democracyfund;usclimateandhealthalliance;CLEANET;ClimateChangeNationalForumAndReview;climate.matters;climateofficers;AccessibleGEO;MarconiSociety;YaleFORE;georgetownclimate
MattKibbe;RandPaul;FreedomWorks;freethepeople;POTUS;NRCC;nrsc;StoppingSocialism;KibbeBlazeTV;FreeSpeechAmericaProject;theconservative.news;tuckercarlsonFOX;ForAmerica;ConservativeNewsToday;IMConservative;DonaldTrump;RealCliffMaloney;numbersusa;RushLimbaugh
menzieshouse;AusTaxpayers;LibertyOnTheRocksAustralia;ozlibertarians;MyChoiceAustralia;EmilioGarciaOz;RightToLifeAustralia;wayoungliberals;LibertyAustralia;libstudents;islandoffthecoast;Inst.ofPublicAffairs;DrSharmanStone;wonderfulpetfood;piratepartyau;john.humphreys.australia;KeepSocialDemocracyInAustralia;LibertyFest.org.au;CaptainGetUp
MercatorNet;opusdei.eng;FirstThings;PublicDiscourse;BioEdge-295134659033;stjosemariainst;StJosemariaEscriva;CrisisMagazine;thesacredscience;Dr.ScottHahn;CatholicGag;Saxum.Foundation;centrepoint.charity;QuilletteM;humaneventsmedia;Reason.Magazine;BishopRichardUmbers;alvarodelportillodaily;americanspectator
MercatorNet;opusdei.eng;PublicDiscourse;FirstThings;BioEdge-295134659033;stjosemariainst;StJosemariaEscriva;CrisisMagazine;thesacredscience;Dr.ScottHahn;CatholicGag;Saxum.Foundation;centrepoint.charity;QuilletteM;humaneventsmedia;Reason.Magazine;BishopRichardUmbers;americanspectator;saintjosemaria
Michael-Roberts-blog-925340197491022;monthly.review.magazine;RethinkingMarxism;salvagemagazine;viewpointmag;VersoBks;ProgIntl;richardseymourwtf;revolutionarysocialism;WriteJulian;jacobinmag;cosmonautmagazine;journalspectre;newpoliticsmag;derry.anarchists;wrongkindofgreen;GlobalEcoSocialistNetwork;stevekeen101;communemag
MichaelSmithNews;RitaPanahiColumnist;pickeringpost;PetaCredlin;PaulMurrayLIVE;MarkLathamsOutsiders;theboltreport;Andrew-Bolt-Supporters-Page-191407230906121;The-Pickering-Post-385774778154872;BernardGaynorBlog;KirralieSmithNSW;DonaldTrump;SkyNewsAustralia;AustralianNationalReview;SenatorKeneally;KeatingBigPicture;PaulineHansonAu;wesupportpeterduttonMP;advanceaust
Miss-Conservative-American-Woman-119925154706523;Linda-Matter-Chenin-333698723774335;unvarnishedshow;Totally-American-340056988555;Connie-Hair-123859574335158;LisaOliver.4Freedom;americablessgod;The-Campaign-Against-Barney-Frank-190390985138;Mexican-American-conservatives-286113431428551;The-Case-for-Homeschooling-107949119240905;Republican-National-Hispanic-Assembly-877177125672367;Conservative-Americans-417943468283362;Lennie-Jarratt-110653337376245;lovingcommonsense;AmericanWomanPolitics;Casa-de-la-Serenidad-114343285254613;michelle.corkadel;AmericaAkbarRadio;getglowingwithRFchristina
mothersfornuclear;environmentalprogress;TerrestrialMSR;DCNPP;timetogonuclear;energyforhumanity;NuclearEnergyInstitute;nuclearscienceweek;generationatomic;R2ANM;BreakthroughInstitute;MoltenNaCLreactor;GAINnuclear;USWomeninNuclear;NuclearEnergyGov;ThePragEnvi;BeyondNuclear;mfnIllinois;nuclearpridecoalition
muferihatkamilOfficialpage;intalahasan;OfficialAdanechAbiebie;kiya430;muferihatkamilaliofficial;Dralemu.official;Professor-Mararaa-guddinaa-107463817475782;Betty-Abrham-Eritrean-Beauty-100168588548804;Ittiiqaa-Tafarii-warra-Lolaa-100572488018545;OFLEthiopia;Miftaahuu-mahammad-goobanaa-367260590785978;AddisuAregaofficial;etikatefer;oromonetworkagainsthatespeeh;Hachalu-Hundessa-Fans-442136332937364;abiyahmedalifans;Oromiya-Post-651871471955929;%E1%8A%A0%E1%88%9B%E1%88%AB-Times-104506454488498;finfinnecitytimes
naralprochoiceamerica;PlannedParenthood;PlannedParenthoodAction;reproductiverights;SPLCenter;ElizabethWarren;NationalNOW;emilyslist;aclu;nwlc;TheMarshallProject.org;GloriaSteinem;weareultraviolet;indivisibleguide;NationalNetworkofAbortionFunds;VoteProChoice;rewirenewsgroup;PoliticalRevolution;ProChoiceCA
nasaearth;nasasolarsystem;AlbertEinstein;ISS;hubbleESA;Discovery;FollowNASA360;natgeowild;NASAUniverse;nasamars;wikipedia;nasaspaceplace;MarsCuriosity;NASAKennedy;NASASunScience;NASAExplores;NASAMoon;NASASLS;spacecom
NASAExplores;nasasolarsystem;NASATechnology;nasamars;nasaspaceplace;hubbleESA;NASAKennedy;NASAUniverse;ISS;FollowNASA360;NASAGoddard;NasaAstrobiology;NASAHubble;NASAPersevere;MarsCuriosity;nasaarmstrong;NASAspinoff;NASAes;EuropeanSpaceAgency
NASAGoddard;nasasolarsystem;NASAHubble;NASAKennedy;NASASLS;NASAUniverse;NASASunScience;ISS;NASAWebb;nasamarshallcenter;nasaarmstrong;EuropeanSpaceAgency;hubbleESA;MarsCuriosity;NASAOrion;chandraxrayobservatory;nasaames;spacecom;ISSNATIONALLAB
NASAKennedy;
nasamarshallcenter;NASASLS;nasaarmstrong;nasalarc;ISS;nasaames;NASAWebb;NASATechnology;NASAStennis;NASAGlenn;NASAOrion;hubbleESA;nasasolarsystem;nasamars;MarsCuriosity;NASAspinoff;SkyandTelescope;NASAAstronauts;NASAHubble
NASAOrion;NASASLS;NASASunScience;ISS;nasaames;nasasolarsystem;nasaarmstrong;NASAWebb;spacextechnologies;SETIInstitute;HubbleTelescope;StationCDRKelly;NASAInSight;NASAGlenn;NASAJuno;NASAUniverse;NASAaero;AdminJimBridenstine;RetroSpaceImages
NASASLS;ISS;nasasolarsystem;NASASunScience;NASAUniverse;NASAExoplanets;MarsCuriosity;nasaarmstrong;NASAHubble;HubbleTelescope;NASAAstronauts;NASATechnology;NASAHistoryOffice;NASAJuno;NASASpaceflight;chandraxrayobservatory;nasatv1;NASAExplorersSeries;spacexinfo
nasasolarsystem;hubbleESA;ISS;AlbertEinstein;FollowNASA360;NASAUniverse;NASAHubble;NASAWebb;nasamars;EuropeanSpaceAgency;NASASunScience;wikipedia;NASATechnology;MarsCuriosity;Mars360VR;NASAExoplanets;NASAastromaterials;NASAJuno;nasaspaceplace
nasaspaceplace;nasamars;NASATechnology;NASAUniverse;ISS;NASASunScience;NASAExoplanets;NASAspinoff;NASAMoon;NASAPersevere;MarsCuriosity;NASAWebb;NASAes;nasaames;NASAScienceCast;FollowNASA360;NASAJuno;HubbleTelescope;nasaarmstrong
NASA.STI.Program;NASAUniverse;NASAHistoryOffice;nasamars;NasaAstrobiology;ISS;NASATechnology;NASASunScience;ConsumerAdvocacy;FollowNASA360;MarsCuriosity;nasaarmstrong;NASAJuno;NASASmallBusiness;NASAExoplanets;PhysicsToday;RetroSpaceImages;NASAaero;MITnews
NASASunScience;hubbleESA;NASAMoon;NASAHubble;NASAUniverse;NASAExoplanets;MarsCuriosity;chandraxrayobservatory;ISS;FollowNASA360;NASAHistoryOffice;NASAJuno;NASAWebb;SkyandTelescope;nasamars;nasaarmstrong;NASATechnology;NasaAstrobiology;NASAAstronauts
NASAUniverse;hubbleESA;NASAExoplanets;ISS;nasamars;FollowNASA360;chandraxrayobservatory;NasaAstrobiology;MarsCuriosity;NASAMoon;NASATechnology;NASAJuno;AstrophysicsAndAstronomy;NASAHistoryOffice;NASAWebb;SkyandTelescope;nasaarmstrong;NASAAstronauts;NASAHubble
natecolevol;nature;journalofecology;JAppliedEcology;NatureReviews;Functional-Ecology-191434893893;ecographyjourna;wileyecology;oikosjournal;MolecularEcologist;ScienceAdvances;behecol;methodsinecologyandevolution;QuantaNews;AnimalEcology;ScienceTranslationalMedicine;ScienceMag-327607974706961;esa.org;NatureMedicineJournal
NatGeoOcean;natgeotravel;NatGeoBooks;NatGeoAdventure;NGM;DiscoverySEAsia;AnimalPlanet;natgeowild;sartorephoto;NatGeoMuseum;natgeoeducation;FollowNASA360;InsideNatGeo;DiscoveryUK;natgeophotos;saveourseasngo;sealegacy;ScienceChannel;paulnicklen
nationalwindwatch;PlannedParenthoodAction;windfallthemovie;ASGCTherapy;GreenIllusions;citizenpoweralliance;STEMM-217154595034610;PlaceSpeak;helpusa;consumerwatchdog;KPMGSwitzerland;toryburchfoundation;MAHousingandShelterAlliance;utahphysiciansforahealthyenvironment;espejored;bloomerangtech;repAOC;foodandwine;BarclaysBankUS
NatureEducation;NatureReviews;NatureFutures;nature;ScientificAmerican;NatureMedicineJournal;NatureNews;PLOS.org;cellreports;PNASNews;RSCEES;NSTA.FB;elifesciences;JCellBiol;ALDaily;ALICE.experiment;imgfave-55405757210;deepseanews;crisprcas9news
nature;ScienceMagazine;newscientist;ScientificAmerican;NatureNews;NatureReviews;NatureMedicineJournal;sciencenews;NGM;TheScientistMagazine;PBSNature;natgeotravel;TheNewEnglandJournalofMedicine;cellpress;CellCellPress;PNASNews;QuantaNews;NaturePhysicsJournal;theroyalsociety
NBCNewsBusiness;NBCNewsWorld;investorsbusinessdaily;cnnbusiness;NBCNews;NBCPolitics;nbcnewsscience;NBCNewsHealth;BusinessInsider.Finance;bbcmoney;nbcnewsnow;BusinessNewsDaily;APBusinessNews;marketwatch;WSJPolitics;nbcasianamerica;ABCWorldNewsNow;AssociatedPressSports;WABusinessNews
NBCNewsWorld;cnninternational;BreakingNews;NBCNews;ABCWorldNewsNow;usatoday;CBSNews;cnnpolitics;NYDailyNews;skynews;bbcer;BBCStories;usnewsandworldreport;cnnbusiness;ReutersUK;CNNOpinion;WorldNewsTonight;physorg;BusinessInsider.Politics
neweconforum;BloombergAsia;CNNOpinion;bloomberglp;RussiaInsider;thisiscitylab;BusinessInsider.Politics;bloombergatwhatcost;ListenToBloomberg;businessnews.blme;BloombergCareers;BloombergNEF;BloombergGovernment;NYSE;ExperienceWA;JOCnewswire;commoditymarketnews;goldapple.ru;euopeanfootball
newscientist;ScienceMagazine;sciencenews;ScientificAmerican;PopSci;TheScientistMagazine;PhysicsToday;physorg;DiscoverMag;wiredscience;BigThinkdotcom;AstronomyMagazine;NatureNews;futurism;ScienceChannel;theroyalsociety;QuantaNews;nobelprize;nytimesscience
noteviljustwrong;phelim.mcaleer;annmcelhinney;FrackNation;yourRights;LordMonckton;Agenda.Documentary;CanYouHearUsNow;MajesticNJ;TCUnation;Liberty-For-All-60618884612;StaceysStove;YOUR-religion-is-ruining-OUR-planet-129075747106146;orbhorse;Liberty-Findercom-249767360392;ExposeTheTPP.USAendNAFTA;saynotohillaryclinton;stand4gop;rightnetwork
NPSClimateChange;nationalparkservice;oceanexplorationeducation;IDPNPS;InvestigativeServicesNPS;NPSCLP;Physical-Oceanography-and-Biophysical-Interactions-169183313267570;GatesOfTheArcticNPS;NatureNPS;NPSStudentEmployees;MidwestNationalParks;NOAAESRL;NSIDC;npsvolunteer;DeSmogBlog;AnInconvenientTruth;USForestService;noaaresponserestoration;usgcrp
NYPost;usatoday;NYDailyNews;washingtonpost;BreakingNews;CBSNews;DailyMail;ABCNews;cnnpolitics;Reuters;DonaldTrump;msnbc;APNews;NBCNews;usnewsandworldreport;mashable;NewYorkMag;ABCWorldNewsNow;insider
nytimesscience;physorg;sciencenews;ScientificAmerican;washingtonpost;nytopinion;TheScientistMagazine;ForeignAffairs;washingtonpostworld;ScienceMagazine;postmagazine;ABCScience;natgeotravel;nytbooks;EconomistAsia;NewYorkMag;upshot;wiredscience;newspapertodaycom
Obama-has-committed-TREASON--122677304419852;Hillarybusters;imoeachobamanow;StopTheCrazyDianneFeinstein;ION-Impeach-Obama-Now-122424954442388;originalredpillguide;Great-Grandmaster-Charles-Gaylord-213584275329459;tngcareers;WeAreMarkSchmidter;marvspector;Reifslager;dabbarelief;LongsMarketGreenfield;lezliespetsitting;RizzosFreedomNews;StevenSaukeDesign;evolutiondiverted;Franks-Mid-day-Moon-1512597028998866;Tracys-Maison-328677191119902
oceana;WWF;worldwildlifefund;NatGeoAdventure;AfricanWildlifeFoundation;thenatureconservancy;SaveTheWhalesCA;missionblue;bbcearth;TheWildernessSociety;NGM;natgeowild;SharkEVO;oceanmagazin;OurPlanetbyattn;coralreefalliance;natgeotravel;Discovery;wildaid
official.peta;WWF;PETALatino;WorldAnimalProtectionInt;worldwildlifefund;AnimalEquality;OfficialPETAUK;hsiglobal;AfricanWildlifeFoundation;AntiFurSociety;peta2;stellaandchewys;humanesociety;HelpAnimals;WorldAnimalProtectionUS;PETAIndia;farmanimalrights;internationalanimalrescue;mercyforanimals
oldtimeradiotvprogams;Best-of-the-70s-410490996066948;Gunsmoke-The-Radio-Classic-154067757985483;Living-in-the-80s-172147979946872;mapakettlemovies;myradioclassics;Latvijas.Republika;VintageRadioApp;MyTimeIsYourTime;TinyHousesAndMore;vintradblog;whatwereyoudoingintheseventies;Suspense-Radios-Outstanding-Theater-of-Thrills-88647676519;Old-Tv-and-Radio-business-101616481662720;Old-Time-Radio-1541473439463216;Get-Smart-TV-Show-108917956430770;JWTHAP;The-Golden-Age-of-Radio-Guys-1743354495944405;NineteenSeventiesToys
olivetreeviews;PastorJackCCCH;amirtsarfatiofficial;pastorbarrystagner;OliveTreeMinistries;EducatingOurWorld;JDFarag;amirsbiblebites;DutchSheets22;CalvaryChapelChinoHills;DrAndyWoods;ProphecyNewsWatch;prophecywatchers;lamblionministries;LOTEcommunity;worldviewweekend;DrMarkHitchcock;Get-A-Life-Media-Ministry-222332298645;Rock-Harbor-Church-Announcements-478807372312102
onenewsnowcom;ewjacksonsr;americanfamilyradio;sandyriosafrtalk;thehamiltoncorner;todaysissues;familyresearchcouncil;prophecyinthenews;financialissues;americanfamilystudios;BreakingChristianNews;WallBuilders-Live-Radio-Show-63992388980;NowTheEndBegins;SecretaryCarson;warreport.news;ProphecyNewsWatch;endtimeheadline;charismanews;rapturereadywebsite
oroenvironmentalissues;Reddethiopia;Oromia-Environment-Forest-and-Climate-Change-Authority-531571060567551;Ethiopian-Environment-and-Forest-Research-Institute-EEFRI-1423042431341019;Oromia-Forest-and-Wild-Life-Enterprise-587049261419306;ClimateChangeSmartSolutions;Ministry-of-Environment-Forest-and-Climate-Change-763630053688334;Ethiopian-Biodiversity-Institute-EBI-1635406753365904;www.warc.gov.et;Holetta-Agricultural-Research-Center-%E1%8B%A8%E1%88%86%E1%88%88%E1%89%B3-%E1%8C%8D%E1%89%A5%E1%88%AD%E1%8A%93-%E1%88%9D%E1%88%AD%E1%88%9D%E1%88%AD-%E1%88%9B%E1%8B%95%E1%8A%A8%E1%88%8D-1813696358960697;OromianEconomist;OSU.Batu;OBUEthiopia;Tufaa.111;OROMO-Insight-753567285027607;Environmental-Health-Officers-Ethiopia-1551337938249554;AdvocacyforOromia;MefEth;MadawalabuGCAO
ourclimatevoices;sunrisemvmt;350.org;ThisIsZeroHour;CJAOurPower;ClimateVoiceOrg;youthvgov;JamieSaraiMargolin;Earth-Uprising-106427537392423;ShowingUpForRacialJustice;intersectionalenvironmentalist;HumanImpactPartners;PowerShiftNetwork;thelitcircle;thefuturecoalition;jamilksmith;embracingequitynow;rhyslangstonmusic;RaiseBlackVoices
OurWorldinData;informationisbeautiful;FactsMaps;VeryStrangeMaps;Geopolitics-and-Political-Geography-1423277697925514;Statista.Inc;visualcapitalist;spectatorindex;beautifulnewsdaily;gapminder.org;geostata;BigThinkScience;howmuch.net;BigThinkdotcom;sciencediagrams;HumanProgress.org;amapadaypage;QuantaNews;cern
Overpasses-for-America-Wisconsin-257572297742342;DaneHanssen;foxvalleytrumpvictory;NOToBLMCattleRustlers;rpmcsouth;JohnRoperandtheBobKnight4;day4astronomy;BatWarehouse;Nagatha-493636138053877;Freethepeople-Foundation-144131772353555;Overpass-Light-Brigade-334300393295843;BizTitanOnline;AmericanRockers2016;internationalconflictnews;FirestormMovement;selftaughthuman;John-Roper-and-the-Bob-Knight-Four-at-Gusto-Divino-Restsurent-166663027290875;drdavidsollish;BettsGeospatialCorporation
OverPopulationCrisis;WorldPopulationBalance;ControlIndianPopulationPlease;Over-Population-The-source-of-the-worlds-problems-263997227965;Overpopulation.org;VoluntaryHumanExtinctionMovement;EnvironmentalistsAgainstHumanOverpopulation;SaveTheEarthReduceChildbirth;KidfreeMarriagefree-433837389971123;StopOverpopulation;HBESociety;NoTheActualProblemIsOverPopulation;Childfree-Living-431349276984214;nokidsaround;TheOverpopulationProject;Childless-by-Choice-104858960384868;weirdcreepystuff;ImminentHumanExtinction;EvolutionaryPsychologicalScience
Overpopulation.org;WorldPopulationBalance;Over-Population-The-source-of-the-worlds-problems-263997227965;EnvironmentalistsAgainstHumanOverpopulation;SaveTheEarthReduceChildbirth;OverPopulationCrisis;NoTheActualProblemIsOverPopulation;StopOverpopulation;deathgripz;EgoistballOfficial;PopulationMatters;AnthroMag;PopInstitute;howtogeek;Jazzreflections;stopnwopollution;EvolutionaryPsychologicalScience;OverpopulationIsAMyth;7billionhumansandcounting
Over-Population-The-source-of-the-worlds-problems-263997227965;WorldPopulationBalance;TheOverpopulationProject;EnvironmentalistsAgainstHumanOverpopulation;ControlIndianPopulationPlease;Overpopulation.org;Childless-by-Choice-104858960384868;VoluntaryHumanExtinctionMovement;The-Option-to-be-Childfree-by-Choice-1125368414318551;NoTheActualProblemIsOverPopulation;KidfreeMarriagefree-433837389971123;KidfreeandLovinIt;Flag-of-all-countries-1388624951436369;Childfree-Living-431349276984214;Over-Population--338071552890133;nokidsaround;GWandCC;postgrowth;EvolutionaryPsychologicalScience
philosophical.thoughts.life;hiddencauses;www.allphilosophers;PhilosophersQuotes;TheologyAndPhilosophy;awo700;philosophyoftruth;philosophy.lightofknowledge;Philosophy-Quotes-163546807039099;Philosophy-And-LIFE-1871639989726573;philosophytochangelife;PhilTheoMemes;Philosopher339;Philosophy786;GreekPhilosophers;philosophyloveofwisdom;intelligentquotes1;behaviourpsychology;Inside-The-Brain-225229984238465
PhilosophyNow;psychologytoday;worldlittoday;historytoday;worldsciencefestival;1843magazine;theschooloflifeglobal;Daily-Nous-594385067322205;LondonReviewOfBooks;PhilTheoMemes;ExistentialComics;russellbertie;PhysicsToday;intelligence2;PhilosophersMag;astronomynow;philo.thoughtspage;Noam-Chomsky-294468630182;philosophy.lightofknowledge
PlanetNewsUSA;newsmorning.us;bollywoodphotosgallery;USA-Lives-101296798211981;Cosmopolitan-Magazine-Cover-Models-112810576857597;Wiedmeyer-Express-113929922048794;Ramu888;Live-News-Go-101795454864515;The-Latest-US-News-100644475093158;Fexact1-113405830402957;Meri-Urdu-112020636902565;USANow-113642426705045;Live-News-Time-102433961479618;tipsprovidernsebse;Conservative-News-Update-193765324434897;Most-Famous-Facts-114393406662774;GeostrategyDirect;Prince-super-store-102776391179552;Live-Radio-Player-102989397802173
Plants.Botany;Indoorplantske;WWW.WILDLIFE.NET;FridaysForFuture.ClimateStrike;BackTheBlueBelt;plantlovershome;AntarcticaWildlife;WildlifeAustralasia;TheWildlifeNetwork;ArtistsForWildlife;WildlifeInternational;WorldBiodiversity;Top-DIY-garden-100418774922339;ButterflyandMoths;buddhistandvegan;agriculturefuture.page;n8borscat;EntranBV;JUSTONETree.life
PlantTreeSavePlanet;SaveBeautifulEarth;SaveTaru;SaveEarthTrees;savetreesaveindia1;SaveTreesProject;oxygenforfree;saveourplanetearth.mu;Save.P.Earth;savewater.savelife.savetheworld;MotherSpaceshipEarth;enviroawareness1801;savetree029;NirjaMachanda;save.z.water;saveenvoirment.india;savetreesforhealthyliving;WeCanSaveEnvironment;Save-trees-210405335681627
PlasticPollution;TheOceanCleanup;ewg.org;storyofstuff;missionblue;conservation.intl;worldwildlifefund;lifewithoutplastic;WWOOF;greenpeaceusa;Earthjustice;PlasticOceans;UsingLessPlastic;OurPlanetbyattn;5gyres;LessPlasticUK;EnvDefenseFund;SaveTheWhalesCA;ProjectAWAREFoundation
policyed;Mactaskforce;holocaustmuseum;Federalist.Society;UnitedforPrivacy;aei;JeffMerkleyOregon;HooverInstStanford;stanford.engineering;DailyWire;cfns1;UncKnowledge;DemocraticAGs;heritagefoundation;TeachersofTomorrowAltCert;freethepeople;HillsdaleCollegeOnlineCourses;BoomerBenefits;JudicialWatch
Political-Christian-111853925535909;AWTozer-Quotes-Daily-249094465141221;CampaignforLiberty;StandingWithChrist;DefeatCommunism-141653352515363;unvarnishedshow;CanaryCryRadio;Totally-American-340056988555;BibleTeachRes;oastories;ohioteaparty;cleanhousenovember;Faithfacts.org;Presidential-Prayer-Watch-347485279039009;usteaparty;Go-Pray-USA-711149022245799;Connie-Hair-123859574335158;Dr-Robert-Owens-144620956161;IndianaTeaParty
probioticsreviews;isappscience;ProbioticSupplements;healthyorigin;Lower-High-Blood-Pressure-439085996126316;NeoLifeCoQ10;Probiotics-347779209427292;GutHealth;FishOILBrand;probioticsone;themicrobiomediet;howtolowercholesterollevels;antiaging24;NaturalHomeMadeSkinCareRecipes;learncosmeticformulation;SuperbioProbiotic;HumanMicrobiome;SimplyTheBestFairTradeShop;DetoxWaterRecipes
pubint;intelNews;military.intelligence.international;TheLibertyReport;StopBlamingCapitalism;DefendingFarrakhan;redpilluniversity;SGTreport;FBICommunityRelations;WhatOnEarthIsHappening;LucyAndJeffShow;American-Patriots-informational-reference-guide-302452657330160;unpolicecia;mekreneke22;TheGlobalElite;muscletech;CounterExtremismProject;exposingtheothers;End-the-Rothschild-Globalist-Agenda-345339009181339
pubint;intelNews;military.intelligence.international;TheLibertyReport;StopBlamingCapitalism;DefendingFarrakhan;redpilluniversity;SGTreport;WhatOnEarthIsHappening;FBICommunityRelations;LucyAndJeffShow;American-Patriots-informational-reference-guide-302452657330160;unpolicecia;mekreneke22;TheGlobalElite;muscletech;CounterExtremismProject;exposingtheothers;End-the-Rothschild-Globalist-Agenda-345339009181339
R2ANM;politicalcompassmemes;timetogonuclear;generationatomic;politicalmemespcm;8memesofficial;TPUSSR;SkepticalMemeSociety;wildgreenmemesofficial;Saskatchewan-Nuclear-Power-Advocates-2092342547523998;NuclearEnergyGov;MemesAreOurFuture;radiationeffects.org;thescientificatheist;NuclearEnergyInstitute;grindcoreisgay;RealEngineering1;www.ans.org;ThomasEWoods
Reason.Magazine;libertarians;nationalreview;JohnStossel;JoJorgensen2020;mises.institute;fdrlst;DonaldTrump;ronpaul;yaliberty;instituteforjustice;politifact;heritagefoundation;aei;4ffrf;BlazeMedia;daverubin;CityJournal;RonPaulInstitute
redpilluniversity;GriffinGEdward;delbigtreevaxxed;RadioHostSarahWestall;Sacha-Stone-261848620690738;rfkjr;RealityCheckWithBenSwann;alexjnewman86;ole.dammegard;associationredpill;TruthandShadows;JamesGRickards;TheLibertyReport;CultureWarsMag;TheNewAmerican;JackBloodNews;RedPillMovie;fightingthetyranny;HumanFlourishingProject
Reuters;theguardian;cnninternational;washingtonpost;APNews;aljazeera;usatoday;cnnbusiness;TELEGRAPH.CO.UK;cnnpolitics;NBCNewsWorld;ReutersUK;deutschewellenews;nytimesscience;gettyimages;CBSNews;usnewsandworldreport;skynews;unitednations
revolvermag;metalhammer;GuitarWorld;kerrangmagazine;metalinjection;LoudWire;ThrasherMagazine;Blabbermouth.net;Metal-Girls-835306440192134;metalbladerecords;ClassicRockMagazine;guitarplayermag;ou818;decibelmagazine;heavymag;MetalPath;projectrevolver;bassplayermag;RelapseRecords
RichardDWolff;Noam-Chomsky-294468630182;EconomicUpdate;drcornelwest;AmyGoodman.DemocracyNow;democracynow;OnContactRT;jacobinmag;CounterPunchOrg;OurWorldinData;TheEmpireFiles;JimmyDoreShow;dissentmag;MattTaibbiWriter;Truthdig;ChrisLynnHedges;ThomHartmannProgram;TheMichaelBrooksShow;partiallyexaminedlife
Ridin-With-Biden-106680931091684;biden4president;Joe-Biden-Caps-110276727423618;VoteBiden2020;joebidencanada;DecencyFirst;TexasStudentsForBiden;ImwithObama;TakeBackTheSanity;WestSide4BidenHarris;PrayForBidenOfficial;LyinBiden;midwest4kamala;Republicans-For-Biden-Harris-231222671505126;trumpandturds;pastudentsforbiden;danesforharris;HillaryClintonPH;Youth-for-Joe-Biden-105442641233781
SAREOutreach;ATTRASustainableAg;sustainableag;rodaleinstitute;soilandwaterconservation;youngfarmerscoalition;OFRF.org;NCAT.ORG;SANsustainableagriculture;WomenFoodAgNet;SSSA.soils;SouthSARE;elaw.org;NCRSARE;CertifiedHumane;nationalfarmersunion;NortheastSARE;pesticideactionnetwork;OrganicAssociationofKentucky
SaveEarthTrees;WeDontDeserveEarth;SaveBeautifulEarth;WeCareAboutAnimal;greenEarth.new;VoiceForPlanet;GoWasteEd;SaveEarth03;worldwildlifefund;TSKnowledge1;onlythinkingart;teamtreesofficial;Iamaspiritualhuman;Nature-Nurture-2082143248668259;bestindoorplants;saveourplanetbharatorg;forestryreviewer;theimmeasurable.org;IncredibleFactsIndia
Savewaterforyourbaby;Infinityunlimitedblog;save.z.water;englishEssayBd;WTP.in;savetreesaveplanet;environmentlov;ENWAVietnam;Save-the-Nature-504014306424027;WaterJobsUK;sasenvironment;EnvSciHKU;PDTWasteWaterTreatmentPlants;wasterecyclemachines;Start-a-new-business-287356898011719;WaterPumpsForSale;ECPCO.ORG.IN;arihantenviro;environmentprojects
ScienceAlert;futurism;ScienceMagazine;wiredscience;ScienceChannel;newscientist;PopSci;sciencedump;sciencenews;BusinessInsiderScience;hubbleESA;PhysicsToday;livescience;AstronomyMagazine;SeekerMedia;TheScientistMagazine;BigThinkdotcom;TheScienceScoop;DiscoverMag
sciencecareers;ScienceMagazine;ScienceImmunology;naturecareers.news;ScienceSignaling;NatureMedicineJournal;Science-NetLinks-122822963502;ScienceTranslationalMedicine;NatureReviews;CellCellPress;scienceinsider;sciencenews;ScientificAmerican;gennews;ScienceRobotics;ScienceAdvances;AAAS.Science;cellpress;NatBiotechnol
Science-World-1290639184399515;Common-Science-244323119791457;The-Amazing-Science-640201559650456;facttalks0;powerofscience;Saazan.raae;Science-curiosity-909215225909927;cosmicsujith;astronomicalism;GetsetflySCIENCE;myastronomyworld;worldamazefactz;THESCIENCEBEHINDEVERYTHING;Universings;cosmicsid;science2608;Mysterious-world-103030731112541;muslimworldfacts;geoastroscience
scientificreports;nature;NatureReviews;NatureNews;NatureMedicineJournal;NatBiotechnol;Elsevier.ScienceDirect;ScienceMagazine;QuantaNews;ResearchGate;PNASNews;CellCellPress;ScienceAdvances;natecolevol;BBCScienceNews;ElsevierConnect;TheLancetMedicalJournal;Frontiersin;ScientificAmerican
SimonSchusterCA;Simonandschuster;HarperCollinsCanada;PenguinCanada;PenguinRandomCA;cbcbooks;PenguinRandomHouse;DoubledayCanada;houseofanansi;simonschusterUK;kensingtonpublishing;MacmillanUSA;lonelyplanet;RGA;Atriabooks;Amazon.comBooks;SimonSchusterAU;quillandquire;ChaptersIndigo
SimplyTheBestFairTradeShop;JailDornoch;zerowasteclubuk;AllsFairYorkshire;anclientcareinc;zerowasteweekly;FTStMichaels;JustThingsFairTrade;Dornochgames;BakingCommunity;harrogatefairtradeshop;Chinesefood521;aboutbritishfood;Making-Books-236144582816;TraidLinksLtd;fitsnackbox;RachaelsHairAndBeautyInDornoch;BigSaverFoods;FairtradingPost
Singbackcom-340202136003349;seanferrickwriting;RollingNectar;FlipABit;Call2Life;Am%C3%A9n-Aleluya-130266513740108;fernsaregreen;THoG17;Pop-folk-MP3-SingBack-2017-245229369233065;originalboutiquedeeventos;%D0%98%D0%BD%D1%81%D1%82%D1%80%D1%83%D0%BC%D0%B5%D0%BD%D1%82%D0%B0%D0%BB%D0%B8%D1%82%D0%B5-%D1%81%D0%B0-%D1%82%D1%83%D0%BA-1880436278939206;Tapadero-159357944109849;%D0%95%D1%80%D1%8A%D0%BD-%D0%92%D0%BE%D0%BD%D0%90%D0%BB%D1%8A%D0%BD-357344764330042;Prolub;ARIgpo;GenT212;rayreaddy;nedval50;Club-Deportivo-Barcelona-96636685394
SkepticalScience;nasaearth;RealClearScience;theskepticsguide;skepticalinquirer;EarthPicUSRA;climatepower2020;insideclimatenews;evolution.ncse;climatecentral;NotAnExactScienceShow;ClimateHomeNews;scinewscom;mysteriousuniv;zmescience;CounterPunchOrg;GeomorphologyRules;WSJPolitics;CO2.Earth
sse.evolution;OfficialSMBE;MolecularEcologist;understandingevolution;EvolutionJournal;EvolutionaryPsychologicalScience;CornellEEB;HBESociety;Charles-Darwin-57864471346;MolEvolWorkshop;PracticalComputingForBiologists;BerkeleyMVZ;scientificexploration;JPaleontologicalTechniques;ICVM13;SciWriting;MEMEvolution;icldc;SICBDPCB
StanfordHistoryEducationGroup;gilderlehrman;teachamhistory;NationalArchivesEducation;socialstudies.org;StudentsOfHistory;ushistoryteachers;icivics;SAISHopkins;nationalhistoryday;historywithmre;edutopia;teachinghistorycreatively;universalclass;ScovilleFellowship;usnationalarchives;AAFS.org;uncwritingandlearning;nationalarchivespreservation
STOP-GLOBAL-WARMING-118855296926;How.To.Become.Famous;GlobalWarmingSaturdays;TRUTHINGLOBALWARMING;PATRIOT-113651198362;obeyallah.org;AMRA-NESA-KORINA-313235610514;InCaRnAtIoN-Bangladesh-208009728274;nowphysicsforums;Me-Against-Global-Warming-8705503495;bangladeshiweddingplanner;healingheartbook;ScienceNewsForKids;DjShaj16;Climate-ChangeGlobal-Warming-324905208198057;whatsinameme;h2atoms;ImmigrationQA;Insane-Bikers-133705827562
submarineinstitute;HMASStirling;VicSubs;HMASSupplyII;SilentServiceMCCAustralia;SAAQLD;PastandPresentADF;AlwaysNavy;AIMAunderwater;DefenceConnect;visitholbrooksubmarine;ascptyltd;anuinspace;RARCorporation;19CEWorks;pussersartau;AusDefMag;AustralianArmy6ESR;Australian-Submarines-Official-Merch-114932363275378
sunrisemvmt;OcasioCortez;RepIlhan;justicedemocrats;VoteCoriBush;repAOC;ThisIsZeroHour;PeopleForBernie;nycdsa;TheMarshallProject.org;PoliticalRevolution;JamaalBowmanNY;indivisibleguide;shahidforchange;pslweb;NinaTurner.OH;RepRashida;gretathunbergsweden;AOC-2020-801516123522849
superfruit;uniqberry;BCBlueberries;oemthaifrozen;paulcollsquash;George-Bennett-151679644942383;goldfernhoney;lovinglylilli;australfisheries;ViberiNZ;PetesNaturalNZ;Sujon-AC-Motors-600793176743374;wine2uNZ;drkeithhammett;nathanfaavaenz;fill2pure;stonebaths.co.nz;New-Zealands-Best-Car-Deal-137697114319;Sujon-Man-666827576718060
SustDev;globalgoalsUN;unep;UN4Youth;joinundesa;SDGaction;unitednations;unesco;UNIDO.HQ;UnitedNationsWater;UNSDSN;UNCSW;UNEPROAP;sustainableenergyforall;commissionsocial;ILO.ORG;UNGlobalCompact;unosdofficial;UNECEpage
SutraNow;TouchingHeartsByGenmice;ScoopNow;TrollingCommentsByGenmice;BharatPostOfficial;DailySutraDS;IndianMemersLeague;memekiaankh11;talesofssoul;meme.Community1;TikTokTrends;rupesh6708;TheFunnyIndianPage;theloveindianmedia;TheScreenPatti;AlrightByRusk;FilterCopy;%F0%9D%90%8B%F0%9D%90%88%F0%9D%90%8D%F0%9D%90%84%F0%9D%90%92-112056607190193;Memes-video-103141057740109
Tapadero-159357944109849;the180ranch;rodeowrecks;thesaddleguy;Am%C3%A9n-Aleluya-130266513740108;Tri-County-Livestock-Market-Inc-147349901990600;maverickshats;Freedive4less;Prolub;FlipABit;Dark-Company-154909774522910;Laura-Smith-Texas-Realtor-Thrive-Realty-100226708178835;miraclefarm;ARIgpo;ctcug;pectusrubra;rayreaddy;LlanoHighSchoolEx;bobbystoyshelf
thatsnonsense;Hoax-Slayer-69502133435;Facecrooks;snopes;SkepticalSpectacles;factcheck.org;FullFact.org;plexapp;NewsThump;archaeologynews;LeadStoriesCom;InsufferableIntolerance;AllThatsInteresting;Movie-Censorship-128960090498258;Vintage-Clothing-1796796210563203;atheistsagainstpseudoscientificnonsense;EndTheWoo;CruisingTheCut;SkepticalScience
The-Australian-ANTI-Greens-158418580891970;thisblokeisaprick;Aussies-against-political-corruption-and-lies-187641714610377;Bill-Shorten-will-NEVER-be-Prime-Minister-435498999890078;PumaFootball;proudaussiesagainsthalal;White-community-Council-of-Australia-2203973989865363;A-View-Of-A-Silent-Majority-in-Aus-517145622093706;Take-action-against-Halal-Certification-and-animal-barbarity-Australia-146695118740648;Aussiemancavestuff;QldAuthorityExpo;AustralianDairyfarmer;Extinction-Rebellion-the-Truth-102811137927181;U-R-Australia-239654226107792;abcinbrisbane;Patriots-Defence-League-Sydney-Chapter-548068728640060;rodneycaddies;AFP-Central-Queensland-1703959376583742;manicseeds
thedailychrenk;irishtimes;Endthelockdownaustralia;john.humphreys.australia;NightTrainsArthurChrenkoff;SenatorRyan;QuadrantAus;PetaCredlin;RitaPanahiColumnist;australiafirsthuntervalley;advanceaust;leunigmrcurly;rutheniaandgalicia;AustralianPoliticalReview;ChristianRowanLNP;thepoliticalsword;Bill-Shorten-will-NEVER-be-Prime-Minister-435498999890078;Stop-Population-Growth-Now-198787186817731;axethessaf
The-Dogwood-Society-101929337961278;thedixiebelleblog;Sam-Davis-Youth-Camp-Alabama-Georgia-S-Carolina-Virginia-113927725375750;MSmagnoliaeater;75thovi;SouthernBellesforSecession;KeystoneTractorWorks;AmericanPatriotsFanPage;SouthernTraditionalist;Robeson-County-NC-Civil-War-Ancestry-1278100085601333;TrumpBarron2020;REPagainstmitch;ArkansasPeopleRule;LoneStarBrassTx;FedsOutofFloridaNOW;watchinspiretv;SouthernCulturalCenter;ReckoninSC;ThePatrioticPopulist
TheFLW;antifaterror;antifacowards;RasmussenPoll;poorgirlstyle1;SCOTUSblog;rightwingwatch;GARKek;nationalfile;genesiustimes;politicalabstract;memepoliceman;thepaleoconservatives;Pragmatism101;antifadestruction;lpmisescaucus;infideltaskforc;Fight-For-the-First-429644494216973;waxworkrecords
The-Galileo-Movement-101728306584541;LordMonckton;ClimateNews.ca;Miniiceage;onehealthresearchgroup;BigPicNews;FoSClimateEd;The-Australian-ANTI-Greens-158418580891970;pickeringpost;RachelCollisOriginalMusic;menzieshouse;normandyremembers;JackNobleBooks;seanpatrickmcgrawmusic;stampboards;ZEGTOONS;therealmofvenus;SiameseOllie;Climate-debate-response-team-382162442600207
TheGeneralConsensus;
thegrandsolarmini;The-Watchers-255517537825098;Miniiceage;oppenheimerranch;Earthquake-Report-145927268753491;isthereglobalcooling;observatoryproject;eqalerts;LoudPlanetGeoscience;earthtoskycalculus;forbiddenknowledgenewsconspiracy;spaceweatherdotcom;knowtruth101;theleakproject;SpaceWeatherLive;CLScaHAARP;EarthquakesWorldAffairs;NWSSWPC;thunderboltsproject
theGWPF;AdamSmithInstitute;FoSClimateEd;SkepticalScience;350Africa.org;TheClimateGroup;ClimateHomeNews;HistoryHit;DrPeterRidd;globalwarmingsolved;TheLastAmericanVagabond;AboveClimateChange;BulletinOfTheAtomicScientists;isthereglobalcooling;LordMonckton;riverhouselou;leaversbritain;LTEUorguk;GlobalSocialMediaMarketing
thejustinames;CuartoDePaz;HugoBecerraMRacing;QuesoPortales;velvetrocket;seanferrickwriting;DelphosKids;enfocatuvida;purplebowstore;VyMproducciones;EntrepreneurPamelaKTaylor;ShaileeBoutique;skycityaudio;PackageMint;pastor.dan.mccluskey;noahdiamondmusic;steadileads;Beautyclaymx;abrahamvazquez19
TheLastAmericanVagabond;whitneywebbwriter;MintpressNewsMPN;TheConsciousResistance;TruthInMediaProject;derrickbroze;FreedomCellNetwork;MintPressNews;reallygracefulyt;HighImpactFlix;ConsortiumNews;TheEmpireFiles;BenDNorton;RonPaulInstitute;CounterPunchOrg;thefifthcolumnnews;rfkjr;CandaceOwensforAmerica;thepeoplesvoicetv
The-Liberal-Heretics-190901221664;liberalscrying;NotBetterWayTrumpWay;Mark-Littrell-STAND-UP-AMERICA-267934219703;ConservativesVsLiberals;HealAmerica;National-Nullification-of-Unconstitutional-Federal-Actions-238712716145;Marine-Cpl-David-William-Hedrick-For-Congress-197224238171;NotFooledByTheMedia;The-Offended-Nation-of-Snowflakes-126089028023802;mrepublicans;dumbliberals;Palins-Angels-242415576261;Edward-Lynch-SR-27223841208;conservatism.lives;TheCaptainsAMERICARadioShow;The-Campaign-Against-Barney-Frank-190390985138;Miss-Conservative-American-Woman-119925154706523;I-M-Hired-1676628579257430
thenatureconservancy;WWF;worldwildlifefund;conservation.intl;NationalWildlife;TheWildernessSociety;RainforestAlliance;TheWCS;AmericanBirdConserve;missionblue;SaveTheWhalesCA;NationalParks;EnvDefenseFund;greenpeaceusa;nationalparkservice;Earthjustice;TheTrustforPublicLand;NationalAudubonSociety;USFWS
TheNewAmerican;ProjectVeritas;alexjnewman86;turningpointusa;JohnBirchSociety;fdrlst;dohanews;realTomFitton;GriffinGEdward;DonaldTrump;JudicialWatch;newsmax;QatarDay;JaySekulow;BlazeMedia;thedodosite;AmericanThinker;ronpaul;CampaignforLiberty
TheOceanCleanup;WWF;ecosia;gretathunbergsweden;worldwildlifefund;4oceanBracelets;missionblue;sealegacy;SeaShepherdConservationSociety;seabinproject;earthalliance;Greta-Thunberg-Memes-100304111377683;RainforestAlliance;unitednations;wastefreeplanet;seashepherdmdc;CleanOceanApp;CleanOceanProject;treedomtrees
theoppenheimgroup;ChrishellStauseActress;maryfitzgerald.luxuryhomes;TheJoshAltman;Maya-Vander-Realtor-Associate-305877176093570;theheatheraltman;Davina-Potratz-375849886587217;stevexgold;MillionDollarListingLosAngeles;thealtmanbrothers;Jason-Oppenheim-261064561221969;theagencyRE;justinhartley;serhantco;tracytutorofficial;hiltonhyland;HawaiiLife.RealEstate;LoveIslandITV2;mauricio.umansky
ThePointTV;GaryOrsum;daisycousenswriter;knowyourrightsgroup;ToughGuyBookClub;BlackStump.com.au;YellingAtRabidFlogs;NaomiCookFormerNurse;rahnisadler;thewaythingsare27;weareawakening;RestandRhythm;tjupurulamulan;BramConnollyAuthor;TheSchoolofThought;Save-the-kangaroo-from-human-predation-110810285630248;MichiesMadMission;completemen;Australasian-Doctor-Who-Fan-Club-1434476240196571
thepursuitofenergy;DontLetItGoUnheard;industrialprogress;the.objective.standard;ybrook;AynRandBot;HumanFlourishingProject;AynRandOrg;ellen.kenner;kirapeikoff;ThomasEWoods;AlexBerensonAuthor;AnthemBook;AynRandInstitute;robertspencerJW;iamelanjourno;ThomasSowellSociety;pamela.druckerman;OccupyMSM
thepursuitofenergy;DontLetItGoUnheard;the.objective.standard;industrialprogress;ybrook;AynRandBot;HumanFlourishingProject;AynRandOrg;ellen.kenner;kirapeikoff;ThomasEWoods;AlexBerensonAuthor;AnthemBook;AynRandInstitute;robertspencerJW;iamelanjourno;ThomasSowellSociety;pamela.druckerman;OccupyMSM
the.real.institute.max.bliss;GregPallen4Congress;GlobalHardcoreGeoengineeringNotContrails;ClimateDN;TheEcologicalCitizen;madisonstar.moon;NationalistPopulismReport;SkyderALERT;heimatliebeafd;gelehesjesNLofficial;Forum-Voor-Democratie-Gelderland-293831497717724;Disinformation-Directory-258624097663749;OccupySavannah;5Gnee.nl;ClimateNews.ca;bardcode;28Pages911;kevinchambersMSN;WeAreChange
theresurgent;teapartypatriots;RedStateBlog;tedcruzpage;ewerickson;stevedeace;newsmax;The-Silent-Majority-2-297320404365324;DavidAustinFrench;TheFirstonTV;americanspectator;AmericaRightNews;mediaresearchcenter;nationalreview;TheStream.org;JonahJGoldberg;AmericanThinker;humaneventsmedia;stuburguiere
TheTrueCo;RetroWorldKorea;KaminskiConstructionManagement;CRCooperPainting;emilytrueart;Anastasias-Flowers-on-Main-121962657864617;MichaelGrafArchitect;bdsdesigninc;GreeneConstructionManagement;Swapify-1500218673563180;Bretts-Garage-148949925144877;GalaxyAutoBodyInc;Jim-Amos-Handyman-services-365767796785014;hayessitesolutions;CelineMuldowneyRealtor;magnificodesign;dumbballoons;nesmrsvpe;jenjeffersonglassslipperconcierge
The-War-On-Nature-308653886267381;natives.rule.9;criticalthinkerssociety;heartwoodyarningcircles;forestsandclimate;FalMarks;hydrologyaus;koalaexpress.com.au;katiemaggiewashere;PineRiversComputerClub;Australiancoalminer;bbofs;groundspray;Sisters-In-Safe-Housing-SiS-Housing-108478744351558;ForestsForeverFilms;GovernmentHouseNorfolkIsland;rosebud.radiofest;Ecological-Management-Restoration-journal-248295472600636;offthecouchadv
ThisIsZeroHour;CitizensClimateLobby;ClimateDirectAction;JamieSaraiMargolin;thenorthstar;350.org;ClimateSaveMovement;TheMarshallProject.org;IACDglobal;LamborghiniPalmBeach;horizont.at;naomikleinofficial;projectdrawdown;obamafoundation;insideclimatenews;smithsonianmagazine;armyinside;fridaysforfuture.swe;beautifulnewsdaily
Totally-American-340056988555;unvarnishedshow;HeroCoincom-243698994413;Linda-Matter-Chenin-333698723774335;DefeatCommunism-141653352515363;proud2Bchristian;Halvorson-on-Blog-Talk-The-Soldier-One-Radio-Hour-363585950377;herobracelets;ascfus;High-Caliber-Tactical-170974156162;americanrumors;GoaCasinoonline;SirkProductions;The-Misunderstood-God-128618823260;AmericaAkbarRadio;rev.petertressider;authorjoannpittman;AParkinsonsLife;Eiges-Orgel-PLLC-302396473190338
Track.n.Sign;TheArtofTracking;TacticalTrackingAssociationJournal;naturetracking;iTrackWildlife;trackercertification;mindfultracker;SARTITRACKERS;scottdonelantrackingschool;JHPTS-Visual-Tracking-and-Training-113909805321354;MammalTracks;GreensideTraining;45rpmvinylrecord;BOOKARTSLA;davidmoskowitztrackingphotography;Universal-Tracking-Services-Inc-1176026139084481;tycunninghambooks;Nmcb25FirstClassAssociation;RussellBoneAtlas
TrumpObloquy;Mrs-Betty-Bowers-Americas-Best-Christian-312383761871;chris.hoke.988;The-Emperors-New-Clothes-210598236046587;ReadyForJillStein;BadTanker;LordDampnut;HuddledMassesMedia;namecallingband;therupture;thepoliticallyincorrectJesus;Mike-Pants-282503192685701;inagalaxyfarfarawry;Etchings-Walla-Walla-247000768802909;ThaddeusStevensSpeaks;PoetryIsMyPrayer;Trumps-an-Alien-932795533499256;Serious-questions-for-Trump-552166274937608;IamMBK4Life
unesco;UNDP;unicef;unitednationshumanrights;unitednations;HumanRightsWatch;UNFAO;UNHCR;unwomen;unep;unvolunteers;unitednationsfoundation;UNESCOyouth;globalgoalsUN;WHO;UN.News.Centre;EUatUN;UNOCHA;nobelprize
Unicorns2Unite;IndependentPartyofTheUnitedStatesofAmerica;femmesphere.go;doctorsnotedaily;SurvivorVoicesAgainst;2RealNews;JournalistCathyMilneWare;CelestialDating;PureAlaskaOmega3;KNOWandTELLp2p;Parents-Who-Care-972237099644445;WildAlaskanSalmonOil;German-Valley-Rabbitry-2389937231247068;mindfulrider;anpublishing;Travelbynikki3;SchillingHomeRepair;BrooksEvents-1862301553843440;ChristopherPidcock
unitednations;unitednationshumanrights;unicef;HumanRightsWatch;UNDP;UNHCR;WHO;unwomen;unitednationsfoundation;unep;globalgoalsUN;cnninternational;UN.News.Centre;nobelprize;unvolunteers;EUatUN;imf;savethechildren;joinundesa
unvarnishedshow;DefeatCommunism-141653352515363;Libertarian-Values-Conservative-Ideas-and-America-113757418647444;StolenHistory2010;ConsrvativeDiva;generation.right;Revolution-Now-272605224605;rev.petertressider;The-Case-for-Homeschooling-107949119240905;ktla5morningnews;latalkradio;SmilingDogRescue;dlopezforcongress;AmericaAkbarRadio;The-World-Is-Not-Your-Ashtray-333040222065;The-Twilight-Zone-Gremlin-97528430371;bradleyforarizona;millionairtucson;CharlieGrossmanSavannah
US.NSF;nih.gov;ScientificAmerican;worldsciencefestival;scifri;ScienceMagazine;energygov;apsphysics;PopSci;nigms.nih.gov;sciencenews;AAAS.Science;evolution.ncse;theNASciences;iaeaorg;nih.nccih;pewresearch;nichdgov;NuclearEnergyGov
Vaccine-Facts-2220944541515484;vaccineepidemic;learntherisk;medicalchoiceisfreedom;learntherisks;vaxednet;NaturalNewsMikeAdams;delbigtreevaxxed;TinyHousesAndMore;theinformedmama209;awakemamma;MillionsAgainstMedicalMandates;LearntheREALRisk;theinformedfather;ScienceBasedMed;againstcpsandgovernnmentcorruption;immunityed;thisweekinvirology;TheCrazySimpsonResurchMamas
Vox;TEDEducation;TheAtlantic;washingtonpost;APNews;GuardianUs;OcasioCortez;vicenews;usatoday;forbes;NowThisNews;Slate;politico;Newsweek;newyorker;councilonforeignrelations;CNNOpinion;ScientificAmerican;JohnnyHarrisVox
washingtonpostopinions;washingtonpost;washingtonpostworld;washingtonpostpolitics;nytopinion;politico;thedailybeast;TheAtlantic;CNNStateoftheUnion;nytpolitics;postmagazine;CNNOpinion;APImages;NancyPelosi;msnbc;poststyle;postbusiness;motherjones;theweek
wattsupwiththat-133662869999306;gunscom;MarkSteynOnline;HumanProgress.org;DavidAustinFrench;TheFLW;americanspectator;QuilletteM;ClimateNews.ca;LordMonckton;theresurgent;FoSClimateEd;RedStateBlog;GTRoadrunner;thepursuitofenergy;MercatorNet;intelligencehub;BulletinOfTheAtomicScientists;SkepticalScience
wecameasromans;adtr;missmayi;ofmice;tdwp;motionlessinwhite;thewordalive;Crowntheempire;blessthefall;BEARTOOTHband;askingalexandria;theamityafflictionofficial;fearlessrecords;ISeeStarsMusic;sleepingwithsirens;fitforakingband;fallinginreverseofficial;whitechapelband;escapethefate
wefenvironment;wefeconomics;unep;WHOSEARO;unitednationshumanrights;UNFAO;schwabfound;wefasia;TransparencyInternational;WHO;CLPawards;nobelprize;WHOAFRO;sustainableenergyforall;ifpri.org;HBR;EUClimateAction;UN.Geneva;betterworldcampaign
WoodsmithPlan;woodsmithmagazine;woodworkersjournal;Rockler;WoodcraftWoodworking;popularwoodworking;finewoodworkingmagazine;thewoodwhisperer;kregjig;Creative-Woodworking-2010327515907236;mlcswoodworking;WoodpeckersTools;secretsofwoodworking;Stumpy-Nubs-Woodworking-Journal-305639859477973;buildsomething;LumberJocksCom;WoodwrightsShop;SSWmag;GardenGateMagazine
WorldAnimalProtectionInt;WWF;internationalanimalrescue;worldwildlifefund;bornfreefoundation;hsiglobal;AnimalsAustralia;WorldAnimalProtectionUK;WorldAnimalProtectionAustralia;NationalWildlife;HelpAnimals;fourpaws.org;WorldAnimalProtectionUS;WWFTiger;Nature-101397284614792;indefenseofanimals;RSPCA;AntiFurSociety;natgeowild
WorldMeteorologicalOrganization;UNFAO;NOAAClimateGov;unvolunteers;unep;iaeaorg;NOAA;IOM;UNOCHA;UNDP;UN.Geneva;UNHABITAT;ec.humanitarian.aid;unitednationsfoundation;CanadianSpaceAgency;NOAASatellites;UnitedNationsWater;NOAANCEI;NASARain
WorldOceanObservatory;missionblue;oceandefender;CousteauDivers;diversforsharks;AmericanBirdConserve;Preserve-Life-1582829418634741;conserveturtles;archaeologicalconservancy;astronomynow;oceanalliance;spacecom;OceanExplorationResearch;WorldAnimalProtectionIndia;AmericanGeophysicalUnion;RecycleIndiaFoundation;NASAastromaterials;RetroSpaceImages;geologypage
WorldValuesSurvey;europeanvaluesstudy;likeAPSA;ICRWDC;InternationalSociologicalAssociation;EuropeanSocialSurvey;PolPsyISPP;europeansurveyresearch;eurasiabarometer;europsa;LCSR.HSE;ipsa.aisp;WAPORNET;vdeminstitute;iephilosophy;regenerativecultures;OCCRP.org;CIVICUS;IWMFpage
WorldWarZeroOrg;YearsOfLiving;ChinaDailySciTech;unep;johnkerry;trendinginchina;theguardian;DohaDebates;IntelligentLiving;PDChinaVideo;BJReview;InternationalTigerProject;MSDManual;iDiscoverChina;PDChinaLife;CashMattersOrg;ShaneMahoneyConservationist;chinacultureorg;arnold
worldwildlifefund;WWF;NatGeoAdventure;natgeotravel;NationalWildlife;AfricanWildlifeFoundation;hsiglobal;AnimalPlanet;unep;WWFTiger;NGM;natgeowild;NationalParks;TigerTimeNow;wildnet;Discovery;internationalanimalrescue;DefendersofWildlife;nationalparkservice
WWF;natgeotravel;unicef;hsiglobal;WWFTiger;AfricanWildlifeFoundation;natgeowild;NatGeoAdventure;RainforestAlliance;unep;unitednationshumanrights;OurPlanetbyattn;NationalWildlife;WWFpl;theOECD;wwfitalia;earthhour;WWFIndonesia;AnimalPlanet
wwpagws;LordMonckton;globalwarmingsolved;climatepatriot;BigPicNews;SayNoTo5G;AboveClimateChange;Abiogenic-Oil-118793368145644;Le-Dank-Meme-Stash-de-Julian-Assange-384377568826323;pearlsandirritations;FabiusMaximusWebsite;Say-YES-to-Nuclear-Energy-130703406966436;ashleyroweinc;PERSONofINTERESTnEWZEALANd;GlobalWarmingTimes;20s-pointless-1517142108510357;AlternativeforAustralia;tealswanofficial;AmIMakingSense
youngoclimate;callforclimate;MockCOP26;globalyouthactionnetwork;klimadelegation;unepmgcy;CIVICUS;climateactiontr;climate.action.network.canada;worldresources;CliMatesFrance;ClimateTracker;Youth4wildlifeconservation;unleashingideas;unmgcy;ClimateHomeNews;unep;caneurope;UNSDSN
youthvgov;EarthGuardiansTribe;unionofconcernedscientists;youthvgovfilm;jimehansen;350PDX;PowerShiftNetwork;TeachingTolerance.org;rainforestactionnetwork;mothersoutfront;beyondpesticides;EnvironmentColorado;knightfdn;proenglish;e2.org;ClimateDisobedience;thefuturecoalition;NationalWomensHistoryAlliance;MichaelMannScientist
yukonconservative;vaneastCPC;DeltaConservatives;pcsconservatives;caribooprincegeorge;shuswapconservatives;sturgeonriverparkland;langleyconservatives;ParksvilleQualicumConservatives;CalgarySkyview;CanadianMilitaryHistoryPodcast;markthompsonbc;CalgaryShepardConservatives;yukonparty;LPC.Yukon;ProvencherConservativeEDA;NepeanConservatives;ESSConservatives;skeenafederalliberal
ZeroWasteASU;ASUsustainability;ASU.USP;ASUPABTempe;ChangemakerCentral;ASUCollegeOfGlobalFutures;SFISatASU;asusustainabilityconnect;USG.ASU;ASUpublicaffairs;asufoundation;sustainabilitysolutions;sundevilfitness;GreenLightSolutionsFoundation;asugwa;statepressmag;Arboretum.at.ASU;nonprofitTreeSanDiego;ASURHA
